family,feature,feature_value,outcome,seasons_seen,season_count,total_count,min_season_count,avg_rate,min_rate,max_rate,rate_range,avg_lift,min_lift,max_lift,stability_label
team_quality,team_context_confidence,unknown,f5_total_4plus,"2023,2024,2025",3,15012,4942,0.626,0.6211,0.6342,0.0131,0.0,0.0,0.0,mixed_or_noisy
team_quality,team_context_confidence,unknown,f5_total_5plus,"2023,2024,2025",3,15012,4942,0.5064,0.4925,0.531,0.0385,0.0,0.0,0.0,mixed_or_noisy
team_quality,team_context_confidence,unknown,game_total_10plus,"2023,2024,2025",3,15012,4942,0.3991,0.3805,0.4257,0.0452,0.0,0.0,0.0,mixed_or_noisy
team_quality,team_context_confidence,unknown,game_total_9plus,"2023,2024,2025",3,15012,4942,0.4984,0.4853,0.5237,0.0384,0.0,0.0,0.0,mixed_or_noisy
team_quality,team_context_confidence,unknown,opponent_blew_early_small_lead,"2023,2024,2025",3,15012,4942,0.2809,0.2697,0.2877,0.018,0.0,0.0,0.0,mixed_or_noisy
team_quality,team_context_confidence,unknown,opponent_runs_4plus,"2023,2024,2025",3,15012,4942,0.5579,0.5493,0.5745,0.0252,0.0,0.0,0.0,mixed_or_noisy
team_quality,team_context_confidence,unknown,opponent_runs_5plus,"2023,2024,2025",3,15012,4942,0.4316,0.4166,0.4529,0.0363,0.0,0.0,0.0,mixed_or_noisy
team_quality,team_context_confidence,unknown,team_early_deficit_scored_next2,"2023,2024,2025",3,15012,4942,0.3248,0.3148,0.3316,0.0168,0.0,0.0,0.0,mixed_or_noisy
team_quality,team_context_confidence,unknown,team_early_deficit_tied_or_led_later,"2023,2024,2025",3,15012,4942,0.2809,0.2697,0.2877,0.018,0.0,0.0,0.0,mixed_or_noisy
team_quality,team_context_confidence,unknown,team_f5_runs_2plus,"2023,2024,2025",3,15012,4942,0.5831,0.5754,0.5945,0.0191,0.0,0.0,0.0,mixed_or_noisy
team_quality,team_context_confidence,unknown,team_post5_runs_2plus,"2023,2024,2025",3,15012,4942,0.481,0.4701,0.4955,0.0254,0.0,0.0,0.0,mixed_or_noisy
team_quality,team_context_confidence,unknown,team_runs_4plus,"2023,2024,2025",3,15012,4942,0.5579,0.5493,0.5745,0.0252,0.0,0.0,0.0,mixed_or_noisy
team_quality,team_context_confidence,unknown,team_runs_5plus,"2023,2024,2025",3,15012,4942,0.4316,0.4166,0.4529,0.0363,0.0,0.0,0.0,mixed_or_noisy
team_quality,team_context_confidence,unknown,team_trailed_early_1to3,"2023,2024,2025",3,15012,4942,0.4881,0.4826,0.4927,0.0101,0.0,0.0,0.0,mixed_or_noisy
team_quality,team_context_confidence,unknown,team_won,"2023,2024,2025",3,15012,4942,0.4993,0.498,0.5,0.002,0.0,0.0,0.0,mixed_or_noisy
combo_tags,tag_short_leash_bullpen_exposure,no,f5_total_4plus,"2023,2024,2025",3,15007,4938,0.6259,0.621,0.6341,0.0131,-0.0001,-0.0001,0.0,mixed_or_noisy
combo_tags,tag_short_leash_bullpen_exposure,no,f5_total_5plus,"2023,2024,2025",3,15007,4938,0.5063,0.4925,0.5308,0.0383,-0.0001,-0.0002,0.0,mixed_or_noisy
combo_tags,tag_short_leash_bullpen_exposure,no,game_total_10plus,"2023,2024,2025",3,15007,4938,0.399,0.3803,0.4257,0.0454,-0.0001,-0.0002,0.0,mixed_or_noisy
combo_tags,tag_short_leash_bullpen_exposure,no,game_total_9plus,"2023,2024,2025",3,15007,4938,0.4984,0.4853,0.5237,0.0384,-0.0,-0.0001,0.0,mixed_or_noisy
combo_tags,tag_short_leash_bullpen_exposure,no,opponent_blew_early_small_lead,"2023,2024,2025",3,15007,4938,0.2809,0.2696,0.2877,0.0181,-0.0,-0.0001,0.0,mixed_or_noisy
combo_tags,tag_short_leash_bullpen_exposure,no,opponent_runs_4plus,"2023,2024,2025",3,15007,4938,0.5578,0.5493,0.5741,0.0248,-0.0002,-0.0004,0.0,mixed_or_noisy
combo_tags,tag_short_leash_bullpen_exposure,no,opponent_runs_5plus,"2023,2024,2025",3,15007,4938,0.4314,0.4166,0.4526,0.036,-0.0001,-0.0003,0.0,mixed_or_noisy
combo_tags,tag_short_leash_bullpen_exposure,no,team_early_deficit_scored_next2,"2023,2024,2025",3,15007,4938,0.3248,0.3147,0.3317,0.017,0.0,-0.0001,0.0001,mixed_or_noisy
combo_tags,tag_short_leash_bullpen_exposure,no,team_early_deficit_tied_or_led_later,"2023,2024,2025",3,15007,4938,0.2809,0.2696,0.2877,0.0181,-0.0,-0.0001,0.0,mixed_or_noisy
combo_tags,tag_short_leash_bullpen_exposure,no,team_f5_runs_2plus,"2023,2024,2025",3,15007,4938,0.5831,0.5754,0.5946,0.0192,0.0,-0.0001,0.0001,mixed_or_noisy
combo_tags,tag_short_leash_bullpen_exposure,no,team_post5_runs_2plus,"2023,2024,2025",3,15007,4938,0.4809,0.4701,0.4953,0.0252,-0.0001,-0.0002,0.0,mixed_or_noisy
combo_tags,tag_short_leash_bullpen_exposure,no,team_runs_4plus,"2023,2024,2025",3,15007,4938,0.558,0.5493,0.5747,0.0254,0.0,-0.0001,0.0002,mixed_or_noisy
combo_tags,tag_short_leash_bullpen_exposure,no,team_runs_5plus,"2023,2024,2025",3,15007,4938,0.4316,0.4166,0.453,0.0364,0.0,-0.0001,0.0001,mixed_or_noisy
combo_tags,tag_short_leash_bullpen_exposure,no,team_trailed_early_1to3,"2023,2024,2025",3,15007,4938,0.488,0.4825,0.4927,0.0102,-0.0,-0.0001,0.0,mixed_or_noisy
combo_tags,tag_short_leash_bullpen_exposure,no,team_won,"2023,2024,2025",3,15007,4938,0.4994,0.4979,0.5004,0.0025,0.0001,-0.0001,0.0004,mixed_or_noisy
f5_post5_identity,team_l10_post5_rpg_bucket,low_lt_3_5,f5_total_4plus,"2023,2024,2025",3,14433,4744,0.6247,0.6177,0.6332,0.0155,-0.0013,-0.0034,0.0005,mixed_or_noisy
f5_post5_identity,team_l10_post5_rpg_bucket,low_lt_3_5,f5_total_5plus,"2023,2024,2025",3,14433,4744,0.5053,0.4922,0.5297,0.0375,-0.0011,-0.0035,0.0014,mixed_or_noisy
f5_post5_identity,team_l10_post5_rpg_bucket,low_lt_3_5,game_total_10plus,"2023,2024,2025",3,14433,4744,0.3967,0.3749,0.4246,0.0497,-0.0024,-0.0056,-0.0005,mixed_or_noisy
f5_post5_identity,team_l10_post5_rpg_bucket,low_lt_3_5,game_total_9plus,"2023,2024,2025",3,14433,4744,0.4969,0.4824,0.5226,0.0402,-0.0015,-0.0039,0.0004,mixed_or_noisy
f5_post5_identity,team_l10_post5_rpg_bucket,low_lt_3_5,opponent_blew_early_small_lead,"2023,2024,2025",3,14433,4744,0.2808,0.2681,0.2886,0.0205,-0.0001,-0.0016,0.0009,mixed_or_noisy
f5_post5_identity,team_l10_post5_rpg_bucket,low_lt_3_5,opponent_runs_4plus,"2023,2024,2025",3,14433,4744,0.558,0.5475,0.5773,0.0298,0.0001,-0.0025,0.0028,mixed_or_noisy
f5_post5_identity,team_l10_post5_rpg_bucket,low_lt_3_5,opponent_runs_5plus,"2023,2024,2025",3,14433,4744,0.432,0.4176,0.4544,0.0368,0.0004,-0.0012,0.0015,mixed_or_noisy
f5_post5_identity,team_l10_post5_rpg_bucket,low_lt_3_5,team_early_deficit_scored_next2,"2023,2024,2025",3,14433,4744,0.3245,0.3128,0.3329,0.0201,-0.0003,-0.002,0.0013,mixed_or_noisy
f5_post5_identity,team_l10_post5_rpg_bucket,low_lt_3_5,team_early_deficit_tied_or_led_later,"2023,2024,2025",3,14433,4744,0.2808,0.2681,0.2886,0.0205,-0.0001,-0.0016,0.0009,mixed_or_noisy
f5_post5_identity,team_l10_post5_rpg_bucket,low_lt_3_5,team_f5_runs_2plus,"2023,2024,2025",3,14433,4744,0.5805,0.575,0.5909,0.0159,-0.0027,-0.0045,0.0001,mixed_or_noisy
f5_post5_identity,team_l10_post5_rpg_bucket,low_lt_3_5,team_post5_runs_2plus,"2023,2024,2025",3,14433,4744,0.4797,0.4694,0.4939,0.0245,-0.0012,-0.0016,-0.0007,mixed_or_noisy
f5_post5_identity,team_l10_post5_rpg_bucket,low_lt_3_5,team_runs_4plus,"2023,2024,2025",3,14433,4744,0.5559,0.5463,0.5718,0.0255,-0.002,-0.0037,0.0004,mixed_or_noisy
f5_post5_identity,team_l10_post5_rpg_bucket,low_lt_3_5,team_runs_5plus,"2023,2024,2025",3,14433,4744,0.4292,0.4167,0.4504,0.0337,-0.0024,-0.0047,0.0001,mixed_or_noisy
f5_post5_identity,team_l10_post5_rpg_bucket,low_lt_3_5,team_trailed_early_1to3,"2023,2024,2025",3,14433,4744,0.4887,0.4822,0.4926,0.0104,0.0007,-0.0004,0.0025,mixed_or_noisy
f5_post5_identity,team_l10_post5_rpg_bucket,low_lt_3_5,team_won,"2023,2024,2025",3,14433,4744,0.4966,0.4952,0.4985,0.0033,-0.0027,-0.0038,-0.0015,mixed_or_noisy
f5_post5_identity,opponent_l10_post5_allowed_bucket,low_lt_3_5,f5_total_4plus,"2023,2024,2025",3,14410,4735,0.6257,0.6208,0.6334,0.0126,-0.0003,-0.0008,0.0002,mixed_or_noisy
f5_post5_identity,opponent_l10_post5_allowed_bucket,low_lt_3_5,f5_total_5plus,"2023,2024,2025",3,14410,4735,0.5055,0.4927,0.5295,0.0368,-0.0009,-0.0015,0.0002,mixed_or_noisy
f5_post5_identity,opponent_l10_post5_allowed_bucket,low_lt_3_5,game_total_10plus,"2023,2024,2025",3,14410,4735,0.3974,0.3784,0.424,0.0456,-0.0017,-0.0021,-0.0014,mixed_or_noisy
f5_post5_identity,opponent_l10_post5_allowed_bucket,low_lt_3_5,game_total_9plus,"2023,2024,2025",3,14410,4735,0.4964,0.4837,0.5211,0.0374,-0.002,-0.0026,-0.0008,mixed_or_noisy
f5_post5_identity,opponent_l10_post5_allowed_bucket,low_lt_3_5,opponent_blew_early_small_lead,"2023,2024,2025",3,14410,4735,0.2807,0.2688,0.2881,0.0193,-0.0002,-0.0009,0.0004,mixed_or_noisy
f5_post5_identity,opponent_l10_post5_allowed_bucket,low_lt_3_5,opponent_runs_4plus,"2023,2024,2025",3,14410,4735,0.5576,0.5487,0.5741,0.0254,-0.0004,-0.0013,0.0006,mixed_or_noisy
f5_post5_identity,opponent_l10_post5_allowed_bucket,low_lt_3_5,opponent_runs_5plus,"2023,2024,2025",3,14410,4735,0.4308,0.4173,0.4521,0.0348,-0.0007,-0.0021,0.0007,mixed_or_noisy
f5_post5_identity,opponent_l10_post5_allowed_bucket,low_lt_3_5,team_early_deficit_scored_next2,"2023,2024,2025",3,14410,4735,0.3235,0.3136,0.3303,0.0167,-0.0013,-0.0014,-0.0012,mixed_or_noisy
f5_post5_identity,opponent_l10_post5_allowed_bucket,low_lt_3_5,team_early_deficit_tied_or_led_later,"2023,2024,2025",3,14410,4735,0.2807,0.2688,0.2881,0.0193,-0.0002,-0.0009,0.0004,mixed_or_noisy
f5_post5_identity,opponent_l10_post5_allowed_bucket,low_lt_3_5,team_f5_runs_2plus,"2023,2024,2025",3,14410,4735,0.5807,0.5721,0.5929,0.0208,-0.0024,-0.0033,-0.0016,mixed_or_noisy
f5_post5_identity,opponent_l10_post5_allowed_bucket,low_lt_3_5,team_post5_runs_2plus,"2023,2024,2025",3,14410,4735,0.4784,0.468,0.4926,0.0246,-0.0026,-0.0029,-0.0021,mixed_or_noisy
f5_post5_identity,opponent_l10_post5_allowed_bucket,low_lt_3_5,team_runs_4plus,"2023,2024,2025",3,14410,4735,0.5551,0.5459,0.5728,0.0269,-0.0028,-0.0034,-0.0017,mixed_or_noisy
f5_post5_identity,opponent_l10_post5_allowed_bucket,low_lt_3_5,team_runs_5plus,"2023,2024,2025",3,14410,4735,0.4292,0.4144,0.4512,0.0368,-0.0023,-0.0031,-0.0017,mixed_or_noisy
f5_post5_identity,opponent_l10_post5_allowed_bucket,low_lt_3_5,team_trailed_early_1to3,"2023,2024,2025",3,14410,4735,0.4884,0.4823,0.494,0.0117,0.0004,-0.0003,0.0013,mixed_or_noisy
f5_post5_identity,opponent_l10_post5_allowed_bucket,low_lt_3_5,team_won,"2023,2024,2025",3,14410,4735,0.4988,0.4976,0.4998,0.0022,-0.0006,-0.0024,0.0009,mixed_or_noisy
combo_tags,tag_weak_leader_fade_watch,no,f5_total_4plus,"2023,2024,2025",3,13443,4348,0.6226,0.6187,0.6299,0.0112,-0.0034,-0.0043,-0.0024,mixed_or_noisy
combo_tags,tag_weak_leader_fade_watch,no,f5_total_5plus,"2023,2024,2025",3,13443,4348,0.5027,0.4874,0.5267,0.0393,-0.0037,-0.0051,-0.0018,mixed_or_noisy
combo_tags,tag_weak_leader_fade_watch,no,game_total_10plus,"2023,2024,2025",3,13443,4348,0.396,0.3778,0.4234,0.0456,-0.0031,-0.0042,-0.0023,mixed_or_noisy
combo_tags,tag_weak_leader_fade_watch,no,game_total_9plus,"2023,2024,2025",3,13443,4348,0.4954,0.4812,0.5191,0.0379,-0.003,-0.0046,-0.0004,mixed_or_noisy
combo_tags,tag_weak_leader_fade_watch,no,opponent_blew_early_small_lead,"2023,2024,2025",3,13443,4348,0.2794,0.2686,0.2866,0.018,-0.0015,-0.0022,-0.0011,mixed_or_noisy
combo_tags,tag_weak_leader_fade_watch,no,opponent_runs_4plus,"2023,2024,2025",3,13443,4348,0.5644,0.5539,0.5821,0.0282,0.0065,0.0046,0.0076,mixed_or_noisy
combo_tags,tag_weak_leader_fade_watch,no,opponent_runs_5plus,"2023,2024,2025",3,13443,4348,0.4393,0.4216,0.4625,0.0409,0.0077,0.005,0.0096,mixed_or_noisy
combo_tags,tag_weak_leader_fade_watch,no,team_early_deficit_scored_next2,"2023,2024,2025",3,13443,4348,0.3259,0.3173,0.3307,0.0134,0.0012,-0.0009,0.0025,mixed_or_noisy
combo_tags,tag_weak_leader_fade_watch,no,team_early_deficit_tied_or_led_later,"2023,2024,2025",3,13443,4348,0.2794,0.2686,0.2866,0.018,-0.0015,-0.0022,-0.0011,mixed_or_noisy
combo_tags,tag_weak_leader_fade_watch,no,team_f5_runs_2plus,"2023,2024,2025",3,13443,4348,0.5749,0.5684,0.5853,0.0169,-0.0083,-0.0092,-0.007,mixed_or_noisy
combo_tags,tag_weak_leader_fade_watch,no,team_post5_runs_2plus,"2023,2024,2025",3,13443,4348,0.4755,0.4645,0.4897,0.0252,-0.0054,-0.0058,-0.0049,mixed_or_noisy
combo_tags,tag_weak_leader_fade_watch,no,team_runs_4plus,"2023,2024,2025",3,13443,4348,0.5483,0.5401,0.5628,0.0227,-0.0096,-0.0117,-0.008,mixed_or_noisy
combo_tags,tag_weak_leader_fade_watch,no,team_runs_5plus,"2023,2024,2025",3,13443,4348,0.4202,0.4056,0.4386,0.033,-0.0113,-0.0143,-0.0087,mixed_or_noisy
combo_tags,tag_weak_leader_fade_watch,no,team_trailed_early_1to3,"2023,2024,2025",3,13443,4348,0.4925,0.4889,0.4972,0.0083,0.0045,0.0026,0.0063,mixed_or_noisy
combo_tags,tag_weak_leader_fade_watch,no,team_won,"2023,2024,2025",3,13443,4348,0.4873,0.4863,0.4888,0.0025,-0.0121,-0.0133,-0.0112,mixed_or_noisy
combo_tags,tag_low_run_environment_risk,no,f5_total_4plus,"2023,2024,2025",3,13393,4371,0.6242,0.6193,0.6291,0.0098,-0.0017,-0.0051,0.0017,mixed_or_noisy
combo_tags,tag_low_run_environment_risk,no,f5_total_5plus,"2023,2024,2025",3,13393,4371,0.5063,0.4951,0.5268,0.0317,-0.0001,-0.0042,0.0026,mixed_or_noisy
combo_tags,tag_low_run_environment_risk,no,game_total_10plus,"2023,2024,2025",3,13393,4371,0.4008,0.3835,0.4226,0.0391,0.0017,-0.0031,0.0051,mixed_or_noisy
combo_tags,tag_low_run_environment_risk,no,game_total_9plus,"2023,2024,2025",3,13393,4371,0.4995,0.4893,0.5198,0.0305,0.0011,-0.0039,0.0041,mixed_or_noisy
combo_tags,tag_low_run_environment_risk,no,opponent_blew_early_small_lead,"2023,2024,2025",3,13393,4371,0.2794,0.2653,0.2868,0.0215,-0.0015,-0.0044,0.0015,mixed_or_noisy
combo_tags,tag_low_run_environment_risk,no,opponent_runs_4plus,"2023,2024,2025",3,13393,4371,0.5567,0.5498,0.5677,0.0179,-0.0013,-0.0068,0.0032,mixed_or_noisy
combo_tags,tag_low_run_environment_risk,no,opponent_runs_5plus,"2023,2024,2025",3,13393,4371,0.4298,0.4191,0.4469,0.0278,-0.0017,-0.006,0.0025,mixed_or_noisy
combo_tags,tag_low_run_environment_risk,no,team_early_deficit_scored_next2,"2023,2024,2025",3,13393,4371,0.3249,0.3101,0.3354,0.0253,0.0001,-0.0047,0.0038,mixed_or_noisy
combo_tags,tag_low_run_environment_risk,no,team_early_deficit_tied_or_led_later,"2023,2024,2025",3,13393,4371,0.2794,0.2653,0.2868,0.0215,-0.0015,-0.0044,0.0015,mixed_or_noisy
combo_tags,tag_low_run_environment_risk,no,team_f5_runs_2plus,"2023,2024,2025",3,13393,4371,0.5862,0.5752,0.5987,0.0235,0.003,-0.0002,0.0051,mixed_or_noisy
combo_tags,tag_low_run_environment_risk,no,team_post5_runs_2plus,"2023,2024,2025",3,13393,4371,0.482,0.4733,0.4942,0.0209,0.001,-0.0013,0.0032,mixed_or_noisy
combo_tags,tag_low_run_environment_risk,no,team_runs_4plus,"2023,2024,2025",3,13393,4371,0.5612,0.5488,0.5787,0.0299,0.0033,-0.0005,0.0062,mixed_or_noisy
combo_tags,tag_low_run_environment_risk,no,team_runs_5plus,"2023,2024,2025",3,13393,4371,0.4351,0.4184,0.4552,0.0368,0.0036,0.0018,0.0066,mixed_or_noisy
combo_tags,tag_low_run_environment_risk,no,team_trailed_early_1to3,"2023,2024,2025",3,13393,4371,0.4864,0.4762,0.4965,0.0203,-0.0017,-0.0064,0.0038,mixed_or_noisy
combo_tags,tag_low_run_environment_risk,no,team_won,"2023,2024,2025",3,13393,4371,0.5016,0.499,0.5036,0.0046,0.0023,-0.001,0.0042,mixed_or_noisy
starter_quality,starter_xfip_gap_bucket,neutral_minus5_plus5,f5_total_4plus,"2023,2024,2025",3,13120,4304,0.6212,0.6136,0.632,0.0184,-0.0048,-0.0075,-0.0022,mixed_or_noisy
starter_quality,starter_xfip_gap_bucket,neutral_minus5_plus5,f5_total_5plus,"2023,2024,2025",3,13120,4304,0.5027,0.4879,0.5311,0.0432,-0.0037,-0.0078,0.0001,mixed_or_noisy
starter_quality,starter_xfip_gap_bucket,neutral_minus5_plus5,game_total_10plus,"2023,2024,2025",3,13120,4304,0.3967,0.3739,0.428,0.0541,-0.0024,-0.0066,0.0023,mixed_or_noisy
starter_quality,starter_xfip_gap_bucket,neutral_minus5_plus5,game_total_9plus,"2023,2024,2025",3,13120,4304,0.4937,0.4781,0.5237,0.0456,-0.0047,-0.0082,0.0,mixed_or_noisy
starter_quality,starter_xfip_gap_bucket,neutral_minus5_plus5,opponent_blew_early_small_lead,"2023,2024,2025",3,13120,4304,0.281,0.2677,0.2893,0.0216,0.0001,-0.002,0.004,mixed_or_noisy
starter_quality,starter_xfip_gap_bucket,neutral_minus5_plus5,opponent_runs_4plus,"2023,2024,2025",3,13120,4304,0.5568,0.5472,0.5755,0.0283,-0.0011,-0.0028,0.001,mixed_or_noisy
starter_quality,starter_xfip_gap_bucket,neutral_minus5_plus5,opponent_runs_5plus,"2023,2024,2025",3,13120,4304,0.4294,0.4144,0.4531,0.0387,-0.0021,-0.0044,0.0002,mixed_or_noisy
starter_quality,starter_xfip_gap_bucket,neutral_minus5_plus5,team_early_deficit_scored_next2,"2023,2024,2025",3,13120,4304,0.3241,0.3133,0.3336,0.0203,-0.0007,-0.0026,0.002,mixed_or_noisy
starter_quality,starter_xfip_gap_bucket,neutral_minus5_plus5,team_early_deficit_tied_or_led_later,"2023,2024,2025",3,13120,4304,0.281,0.2677,0.2893,0.0216,0.0001,-0.002,0.004,mixed_or_noisy
starter_quality,starter_xfip_gap_bucket,neutral_minus5_plus5,team_f5_runs_2plus,"2023,2024,2025",3,13120,4304,0.5812,0.5718,0.5943,0.0225,-0.002,-0.0036,-0.0002,mixed_or_noisy
starter_quality,starter_xfip_gap_bucket,neutral_minus5_plus5,team_post5_runs_2plus,"2023,2024,2025",3,13120,4304,0.4815,0.4705,0.4956,0.0251,0.0005,0.0001,0.001,mixed_or_noisy
starter_quality,starter_xfip_gap_bucket,neutral_minus5_plus5,team_runs_4plus,"2023,2024,2025",3,13120,4304,0.5568,0.5472,0.5755,0.0283,-0.0011,-0.0028,0.001,mixed_or_noisy
starter_quality,starter_xfip_gap_bucket,neutral_minus5_plus5,team_runs_5plus,"2023,2024,2025",3,13120,4304,0.4294,0.4144,0.4531,0.0387,-0.0021,-0.0044,0.0002,mixed_or_noisy
starter_quality,starter_xfip_gap_bucket,neutral_minus5_plus5,team_trailed_early_1to3,"2023,2024,2025",3,13120,4304,0.4878,0.4817,0.4909,0.0092,-0.0003,-0.0019,0.002,mixed_or_noisy
starter_quality,starter_xfip_gap_bucket,neutral_minus5_plus5,team_won,"2023,2024,2025",3,13120,4304,0.4999,0.4998,0.5,0.0002,0.0006,0.0,0.0018,mixed_or_noisy
combo_tags,tag_live_rebound_watch,no,f5_total_4plus,"2023,2024,2025",3,13108,4302,0.6268,0.6196,0.6362,0.0166,0.0009,-0.0015,0.0021,mixed_or_noisy
combo_tags,tag_live_rebound_watch,no,f5_total_5plus,"2023,2024,2025",3,13108,4302,0.5068,0.4932,0.5325,0.0393,0.0004,-0.0009,0.0015,mixed_or_noisy
combo_tags,tag_live_rebound_watch,no,game_total_10plus,"2023,2024,2025",3,13108,4302,0.402,0.3818,0.4305,0.0487,0.0029,0.0013,0.0048,mixed_or_noisy
combo_tags,tag_live_rebound_watch,no,game_total_9plus,"2023,2024,2025",3,13108,4302,0.5021,0.4881,0.5279,0.0398,0.0036,0.0018,0.0049,mixed_or_noisy
combo_tags,tag_live_rebound_watch,no,opponent_blew_early_small_lead,"2023,2024,2025",3,13108,4302,0.2754,0.2661,0.2845,0.0184,-0.0055,-0.0098,-0.0032,mixed_or_noisy
combo_tags,tag_live_rebound_watch,no,opponent_runs_4plus,"2023,2024,2025",3,13108,4302,0.5678,0.5584,0.5862,0.0278,0.0099,0.0084,0.0117,mixed_or_noisy
combo_tags,tag_live_rebound_watch,no,opponent_runs_5plus,"2023,2024,2025",3,13108,4302,0.4422,0.4269,0.4663,0.0394,0.0106,0.0082,0.0134,mixed_or_noisy
combo_tags,tag_live_rebound_watch,no,team_early_deficit_scored_next2,"2023,2024,2025",3,13108,4302,0.3199,0.313,0.3242,0.0112,-0.0049,-0.0092,-0.0018,mixed_or_noisy
combo_tags,tag_live_rebound_watch,no,team_early_deficit_tied_or_led_later,"2023,2024,2025",3,13108,4302,0.2754,0.2661,0.2845,0.0184,-0.0055,-0.0098,-0.0032,mixed_or_noisy
combo_tags,tag_live_rebound_watch,no,team_f5_runs_2plus,"2023,2024,2025",3,13108,4302,0.576,0.5692,0.5869,0.0177,-0.0072,-0.0077,-0.0062,mixed_or_noisy
combo_tags,tag_live_rebound_watch,no,team_post5_runs_2plus,"2023,2024,2025",3,13108,4302,0.4834,0.4694,0.5014,0.032,0.0024,-0.0007,0.0059,mixed_or_noisy
combo_tags,tag_live_rebound_watch,no,team_runs_4plus,"2023,2024,2025",3,13108,4302,0.5519,0.5426,0.5686,0.026,-0.006,-0.0067,-0.0055,mixed_or_noisy
combo_tags,tag_live_rebound_watch,no,team_runs_5plus,"2023,2024,2025",3,13108,4302,0.4261,0.4111,0.4458,0.0347,-0.0055,-0.0071,-0.0039,mixed_or_noisy
combo_tags,tag_live_rebound_watch,no,team_trailed_early_1to3,"2023,2024,2025",3,13108,4302,0.4903,0.4867,0.4969,0.0102,0.0023,-0.0015,0.0042,mixed_or_noisy
combo_tags,tag_live_rebound_watch,no,team_won,"2023,2024,2025",3,13108,4302,0.4872,0.4854,0.4881,0.0027,-0.0121,-0.0146,-0.0099,mixed_or_noisy
f5_post5_identity,opponent_l10_f5_allowed_bucket,low_lt_3_5,f5_total_4plus,"2023,2024,2025",3,13082,4210,0.6243,0.619,0.6325,0.0135,-0.0016,-0.0036,0.0004,mixed_or_noisy
f5_post5_identity,opponent_l10_f5_allowed_bucket,low_lt_3_5,f5_total_5plus,"2023,2024,2025",3,13082,4210,0.5043,0.4863,0.5295,0.0432,-0.0021,-0.0062,0.0015,mixed_or_noisy
f5_post5_identity,opponent_l10_f5_allowed_bucket,low_lt_3_5,game_total_10plus,"2023,2024,2025",3,13082,4210,0.3969,0.3772,0.4271,0.0499,-0.0022,-0.0046,0.0014,mixed_or_noisy
f5_post5_identity,opponent_l10_f5_allowed_bucket,low_lt_3_5,game_total_9plus,"2023,2024,2025",3,13082,4210,0.4947,0.4794,0.5219,0.0425,-0.0037,-0.0059,-0.0018,mixed_or_noisy
f5_post5_identity,opponent_l10_f5_allowed_bucket,low_lt_3_5,opponent_blew_early_small_lead,"2023,2024,2025",3,13082,4210,0.2797,0.2695,0.2873,0.0178,-0.0012,-0.0029,-0.0002,mixed_or_noisy
f5_post5_identity,opponent_l10_f5_allowed_bucket,low_lt_3_5,opponent_runs_4plus,"2023,2024,2025",3,13082,4210,0.5602,0.5498,0.5789,0.0291,0.0023,-0.0002,0.0044,mixed_or_noisy
f5_post5_identity,opponent_l10_f5_allowed_bucket,low_lt_3_5,opponent_runs_5plus,"2023,2024,2025",3,13082,4210,0.4348,0.4204,0.4558,0.0354,0.0032,0.0029,0.0038,mixed_or_noisy
f5_post5_identity,opponent_l10_f5_allowed_bucket,low_lt_3_5,team_early_deficit_scored_next2,"2023,2024,2025",3,13082,4210,0.3253,0.3183,0.3295,0.0112,0.0005,-0.0021,0.0035,mixed_or_noisy
f5_post5_identity,opponent_l10_f5_allowed_bucket,low_lt_3_5,team_early_deficit_tied_or_led_later,"2023,2024,2025",3,13082,4210,0.2797,0.2695,0.2873,0.0178,-0.0012,-0.0029,-0.0002,mixed_or_noisy
f5_post5_identity,opponent_l10_f5_allowed_bucket,low_lt_3_5,team_f5_runs_2plus,"2023,2024,2025",3,13082,4210,0.5782,0.5667,0.5938,0.0271,-0.005,-0.0087,-0.0007,mixed_or_noisy
f5_post5_identity,opponent_l10_f5_allowed_bucket,low_lt_3_5,team_post5_runs_2plus,"2023,2024,2025",3,13082,4210,0.4785,0.471,0.4933,0.0223,-0.0024,-0.0063,0.0012,mixed_or_noisy
f5_post5_identity,opponent_l10_f5_allowed_bucket,low_lt_3_5,team_runs_4plus,"2023,2024,2025",3,13082,4210,0.553,0.542,0.5722,0.0302,-0.005,-0.0073,-0.0023,mixed_or_noisy
f5_post5_identity,opponent_l10_f5_allowed_bucket,low_lt_3_5,team_runs_5plus,"2023,2024,2025",3,13082,4210,0.4262,0.4084,0.4525,0.0441,-0.0053,-0.0082,-0.0004,mixed_or_noisy
f5_post5_identity,opponent_l10_f5_allowed_bucket,low_lt_3_5,team_trailed_early_1to3,"2023,2024,2025",3,13082,4210,0.4915,0.4882,0.4962,0.008,0.0034,0.0011,0.0056,mixed_or_noisy
f5_post5_identity,opponent_l10_f5_allowed_bucket,low_lt_3_5,team_won,"2023,2024,2025",3,13082,4210,0.4939,0.4918,0.4979,0.0061,-0.0055,-0.0082,-0.0021,mixed_or_noisy
f5_post5_identity,team_l10_f5_rpg_bucket,low_lt_3_5,f5_total_4plus,"2023,2024,2025",3,12978,4222,0.6259,0.6185,0.6357,0.0172,-0.0001,-0.0026,0.0015,mixed_or_noisy
f5_post5_identity,team_l10_f5_rpg_bucket,low_lt_3_5,f5_total_5plus,"2023,2024,2025",3,12978,4222,0.5075,0.4937,0.5313,0.0376,0.0011,0.0003,0.0018,mixed_or_noisy
f5_post5_identity,team_l10_f5_rpg_bucket,low_lt_3_5,game_total_10plus,"2023,2024,2025",3,12978,4222,0.3979,0.3757,0.432,0.0563,-0.0012,-0.005,0.0063,mixed_or_noisy
f5_post5_identity,team_l10_f5_rpg_bucket,low_lt_3_5,game_total_9plus,"2023,2024,2025",3,12978,4222,0.4962,0.4786,0.5275,0.0489,-0.0022,-0.0067,0.0038,mixed_or_noisy
f5_post5_identity,team_l10_f5_rpg_bucket,low_lt_3_5,opponent_blew_early_small_lead,"2023,2024,2025",3,12978,4222,0.2814,0.2699,0.2908,0.0209,0.0005,-0.0018,0.0031,mixed_or_noisy
f5_post5_identity,team_l10_f5_rpg_bucket,low_lt_3_5,opponent_runs_4plus,"2023,2024,2025",3,12978,4222,0.5593,0.5459,0.5796,0.0337,0.0014,-0.0034,0.0051,mixed_or_noisy
f5_post5_identity,team_l10_f5_rpg_bucket,low_lt_3_5,opponent_runs_5plus,"2023,2024,2025",3,12978,4222,0.433,0.4154,0.4583,0.0429,0.0015,-0.0012,0.0054,mixed_or_noisy
f5_post5_identity,team_l10_f5_rpg_bucket,low_lt_3_5,team_early_deficit_scored_next2,"2023,2024,2025",3,12978,4222,0.3255,0.3161,0.3311,0.015,0.0007,-0.0005,0.0013,mixed_or_noisy
f5_post5_identity,team_l10_f5_rpg_bucket,low_lt_3_5,team_early_deficit_tied_or_led_later,"2023,2024,2025",3,12978,4222,0.2814,0.2699,0.2908,0.0209,0.0005,-0.0018,0.0031,mixed_or_noisy
f5_post5_identity,team_l10_f5_rpg_bucket,low_lt_3_5,team_f5_runs_2plus,"2023,2024,2025",3,12978,4222,0.5818,0.5746,0.594,0.0194,-0.0014,-0.0049,0.0013,mixed_or_noisy
f5_post5_identity,team_l10_f5_rpg_bucket,low_lt_3_5,team_post5_runs_2plus,"2023,2024,2025",3,12978,4222,0.4774,0.463,0.4953,0.0323,-0.0036,-0.0071,-0.0002,mixed_or_noisy
f5_post5_identity,team_l10_f5_rpg_bucket,low_lt_3_5,team_runs_4plus,"2023,2024,2025",3,12978,4222,0.5544,0.544,0.5727,0.0287,-0.0035,-0.0053,-0.0018,mixed_or_noisy
f5_post5_identity,team_l10_f5_rpg_bucket,low_lt_3_5,team_runs_5plus,"2023,2024,2025",3,12978,4222,0.4268,0.4096,0.45,0.0404,-0.0048,-0.007,-0.0029,mixed_or_noisy
f5_post5_identity,team_l10_f5_rpg_bucket,low_lt_3_5,team_trailed_early_1to3,"2023,2024,2025",3,12978,4222,0.4897,0.485,0.497,0.012,0.0016,-0.0019,0.0043,mixed_or_noisy
f5_post5_identity,team_l10_f5_rpg_bucket,low_lt_3_5,team_won,"2023,2024,2025",3,12978,4222,0.4955,0.4935,0.4979,0.0044,-0.0039,-0.005,-0.0021,mixed_or_noisy
combo_tags,tag_strong_offense_vs_vulnerable_starter,no,f5_total_4plus,"2023,2024,2025",3,12827,4090,0.6256,0.6201,0.6337,0.0136,-0.0004,-0.0025,0.0018,mixed_or_noisy
combo_tags,tag_strong_offense_vs_vulnerable_starter,no,f5_total_5plus,"2023,2024,2025",3,12827,4090,0.5056,0.4889,0.5323,0.0434,-0.0008,-0.0036,0.0013,mixed_or_noisy
combo_tags,tag_strong_offense_vs_vulnerable_starter,no,game_total_10plus,"2023,2024,2025",3,12827,4090,0.397,0.3783,0.4249,0.0466,-0.0021,-0.0032,-0.0008,mixed_or_noisy
combo_tags,tag_strong_offense_vs_vulnerable_starter,no,game_total_9plus,"2023,2024,2025",3,12827,4090,0.4954,0.4819,0.5203,0.0384,-0.003,-0.0034,-0.0022,mixed_or_noisy
combo_tags,tag_strong_offense_vs_vulnerable_starter,no,opponent_blew_early_small_lead,"2023,2024,2025",3,12827,4090,0.2807,0.2711,0.2887,0.0176,-0.0002,-0.0029,0.0014,mixed_or_noisy
combo_tags,tag_strong_offense_vs_vulnerable_starter,no,opponent_runs_4plus,"2023,2024,2025",3,12827,4090,0.5614,0.5498,0.5817,0.0319,0.0034,0.0005,0.0072,mixed_or_noisy
combo_tags,tag_strong_offense_vs_vulnerable_starter,no,opponent_runs_5plus,"2023,2024,2025",3,12827,4090,0.4359,0.4182,0.4597,0.0415,0.0044,0.0016,0.0068,mixed_or_noisy
combo_tags,tag_strong_offense_vs_vulnerable_starter,no,team_early_deficit_scored_next2,"2023,2024,2025",3,12827,4090,0.3259,0.3187,0.3298,0.0111,0.0012,-0.0023,0.0039,mixed_or_noisy
combo_tags,tag_strong_offense_vs_vulnerable_starter,no,team_early_deficit_tied_or_led_later,"2023,2024,2025",3,12827,4090,0.2807,0.2711,0.2887,0.0176,-0.0002,-0.0029,0.0014,mixed_or_noisy
combo_tags,tag_strong_offense_vs_vulnerable_starter,no,team_f5_runs_2plus,"2023,2024,2025",3,12827,4090,0.5767,0.5704,0.5875,0.0171,-0.0064,-0.0072,-0.005,mixed_or_noisy
combo_tags,tag_strong_offense_vs_vulnerable_starter,no,team_post5_runs_2plus,"2023,2024,2025",3,12827,4090,0.4784,0.4649,0.4958,0.0309,-0.0026,-0.0052,0.0003,mixed_or_noisy
combo_tags,tag_strong_offense_vs_vulnerable_starter,no,team_runs_4plus,"2023,2024,2025",3,12827,4090,0.5501,0.5431,0.5628,0.0197,-0.0078,-0.0117,-0.0048,mixed_or_noisy
combo_tags,tag_strong_offense_vs_vulnerable_starter,no,team_runs_5plus,"2023,2024,2025",3,12827,4090,0.4236,0.4117,0.4386,0.0269,-0.008,-0.0143,-0.0047,mixed_or_noisy
combo_tags,tag_strong_offense_vs_vulnerable_starter,no,team_trailed_early_1to3,"2023,2024,2025",3,12827,4090,0.4923,0.4879,0.4968,0.0089,0.0042,0.0033,0.0053,mixed_or_noisy
combo_tags,tag_strong_offense_vs_vulnerable_starter,no,team_won,"2023,2024,2025",3,12827,4090,0.4931,0.4908,0.4973,0.0065,-0.0062,-0.0088,-0.0027,mixed_or_noisy
starter_quality,starter_quality_gap_bucket,neutral_minus5_plus5,f5_total_4plus,"2023,2024,2025",3,12190,3978,0.6246,0.6155,0.64,0.0245,-0.0014,-0.0056,0.0058,mixed_or_noisy
starter_quality,starter_quality_gap_bucket,neutral_minus5_plus5,f5_total_5plus,"2023,2024,2025",3,12190,3978,0.5057,0.488,0.54,0.052,-0.0007,-0.0077,0.009,mixed_or_noisy
starter_quality,starter_quality_gap_bucket,neutral_minus5_plus5,game_total_10plus,"2023,2024,2025",3,12190,3978,0.3967,0.371,0.4289,0.0579,-0.0024,-0.0095,0.0032,mixed_or_noisy
starter_quality,starter_quality_gap_bucket,neutral_minus5_plus5,game_total_9plus,"2023,2024,2025",3,12190,3978,0.4934,0.4741,0.5269,0.0528,-0.005,-0.0122,0.0032,mixed_or_noisy
starter_quality,starter_quality_gap_bucket,neutral_minus5_plus5,opponent_blew_early_small_lead,"2023,2024,2025",3,12190,3978,0.2808,0.2692,0.2901,0.0209,-0.0001,-0.0045,0.0048,mixed_or_noisy
starter_quality,starter_quality_gap_bucket,neutral_minus5_plus5,opponent_runs_4plus,"2023,2024,2025",3,12190,3978,0.5566,0.5458,0.5767,0.0309,-0.0013,-0.0042,0.0022,mixed_or_noisy
starter_quality,starter_quality_gap_bucket,neutral_minus5_plus5,opponent_runs_5plus,"2023,2024,2025",3,12190,3978,0.4294,0.4139,0.455,0.0411,-0.0022,-0.006,0.0021,mixed_or_noisy
starter_quality,starter_quality_gap_bucket,neutral_minus5_plus5,team_early_deficit_scored_next2,"2023,2024,2025",3,12190,3978,0.325,0.315,0.3363,0.0213,0.0003,-0.0041,0.0047,mixed_or_noisy
starter_quality,starter_quality_gap_bucket,neutral_minus5_plus5,team_early_deficit_tied_or_led_later,"2023,2024,2025",3,12190,3978,0.2808,0.2692,0.2901,0.0209,-0.0001,-0.0045,0.0048,mixed_or_noisy
starter_quality,starter_quality_gap_bucket,neutral_minus5_plus5,team_f5_runs_2plus,"2023,2024,2025",3,12190,3978,0.584,0.5723,0.6026,0.0303,0.0009,-0.0031,0.0081,mixed_or_noisy
starter_quality,starter_quality_gap_bucket,neutral_minus5_plus5,team_post5_runs_2plus,"2023,2024,2025",3,12190,3978,0.4797,0.4696,0.4937,0.0241,-0.0013,-0.0018,-0.0005,mixed_or_noisy
starter_quality,starter_quality_gap_bucket,neutral_minus5_plus5,team_runs_4plus,"2023,2024,2025",3,12190,3978,0.5566,0.5458,0.5767,0.0309,-0.0013,-0.0042,0.0022,mixed_or_noisy
starter_quality,starter_quality_gap_bucket,neutral_minus5_plus5,team_runs_5plus,"2023,2024,2025",3,12190,3978,0.4294,0.4139,0.455,0.0411,-0.0022,-0.006,0.0021,mixed_or_noisy
starter_quality,starter_quality_gap_bucket,neutral_minus5_plus5,team_trailed_early_1to3,"2023,2024,2025",3,12190,3978,0.4887,0.4825,0.4952,0.0127,0.0006,-0.0043,0.0063,mixed_or_noisy
starter_quality,starter_quality_gap_bucket,neutral_minus5_plus5,team_won,"2023,2024,2025",3,12190,3978,0.4999,0.4998,0.5,0.0002,0.0006,0.0,0.0018,mixed_or_noisy
starter_volatility,opponent_starter_blowup_rate_bucket,low_lt_30,f5_total_4plus,"2023,2024,2025",3,11938,3854,0.6228,0.6171,0.6323,0.0152,-0.0032,-0.0055,-0.0019,mixed_or_noisy
starter_volatility,opponent_starter_blowup_rate_bucket,low_lt_30,f5_total_5plus,"2023,2024,2025",3,11938,3854,0.5037,0.4863,0.5324,0.0461,-0.0027,-0.0062,0.0014,mixed_or_noisy
starter_volatility,opponent_starter_blowup_rate_bucket,low_lt_30,game_total_10plus,"2023,2024,2025",3,11938,3854,0.3941,0.3721,0.425,0.0529,-0.005,-0.0084,-0.0007,mixed_or_noisy
starter_volatility,opponent_starter_blowup_rate_bucket,low_lt_30,game_total_9plus,"2023,2024,2025",3,11938,3854,0.4937,0.4799,0.5213,0.0414,-0.0047,-0.0064,-0.0024,mixed_or_noisy
starter_volatility,opponent_starter_blowup_rate_bucket,low_lt_30,opponent_blew_early_small_lead,"2023,2024,2025",3,11938,3854,0.2827,0.2682,0.2908,0.0226,0.0018,-0.0015,0.0038,mixed_or_noisy
starter_volatility,opponent_starter_blowup_rate_bucket,low_lt_30,opponent_runs_4plus,"2023,2024,2025",3,11938,3854,0.5605,0.5505,0.5791,0.0286,0.0026,0.0005,0.0046,mixed_or_noisy
starter_volatility,opponent_starter_blowup_rate_bucket,low_lt_30,opponent_runs_5plus,"2023,2024,2025",3,11938,3854,0.4333,0.4176,0.4572,0.0396,0.0018,0.0,0.0043,mixed_or_noisy
starter_volatility,opponent_starter_blowup_rate_bucket,low_lt_30,team_early_deficit_scored_next2,"2023,2024,2025",3,11938,3854,0.3272,0.3169,0.3363,0.0194,0.0024,0.0004,0.0047,mixed_or_noisy
starter_volatility,opponent_starter_blowup_rate_bucket,low_lt_30,team_early_deficit_tied_or_led_later,"2023,2024,2025",3,11938,3854,0.2827,0.2682,0.2908,0.0226,0.0018,-0.0015,0.0038,mixed_or_noisy
starter_volatility,opponent_starter_blowup_rate_bucket,low_lt_30,team_f5_runs_2plus,"2023,2024,2025",3,11938,3854,0.5775,0.5665,0.5947,0.0282,-0.0057,-0.0089,0.0002,mixed_or_noisy
starter_volatility,opponent_starter_blowup_rate_bucket,low_lt_30,team_post5_runs_2plus,"2023,2024,2025",3,11938,3854,0.476,0.4675,0.492,0.0245,-0.005,-0.0098,-0.0017,mixed_or_noisy
starter_volatility,opponent_starter_blowup_rate_bucket,low_lt_30,team_runs_4plus,"2023,2024,2025",3,11938,3854,0.5506,0.5388,0.5667,0.0279,-0.0073,-0.0112,-0.0029,mixed_or_noisy
starter_volatility,opponent_starter_blowup_rate_bucket,low_lt_30,team_runs_5plus,"2023,2024,2025",3,11938,3854,0.4236,0.4093,0.4476,0.0383,-0.0079,-0.0112,-0.0053,mixed_or_noisy
starter_volatility,opponent_starter_blowup_rate_bucket,low_lt_30,team_trailed_early_1to3,"2023,2024,2025",3,11938,3854,0.4952,0.4897,0.4984,0.0087,0.0071,0.0047,0.0095,mixed_or_noisy
starter_volatility,opponent_starter_blowup_rate_bucket,low_lt_30,team_won,"2023,2024,2025",3,11938,3854,0.4917,0.487,0.4958,0.0088,-0.0077,-0.011,-0.0042,mixed_or_noisy
combo_tags,tag_home_scoring_spot,no,f5_total_4plus,"2023,2024,2025",3,11319,3638,0.6244,0.6175,0.6303,0.0128,-0.0015,-0.0039,0.0029,mixed_or_noisy
combo_tags,tag_home_scoring_spot,no,f5_total_5plus,"2023,2024,2025",3,11319,3638,0.507,0.4931,0.5313,0.0382,0.0006,-0.0026,0.0042,mixed_or_noisy
combo_tags,tag_home_scoring_spot,no,game_total_10plus,"2023,2024,2025",3,11319,3638,0.3996,0.3782,0.4261,0.0479,0.0005,-0.0023,0.0034,mixed_or_noisy
combo_tags,tag_home_scoring_spot,no,game_total_9plus,"2023,2024,2025",3,11319,3638,0.4974,0.4824,0.5225,0.0401,-0.001,-0.0039,0.0021,mixed_or_noisy
combo_tags,tag_home_scoring_spot,no,opponent_blew_early_small_lead,"2023,2024,2025",3,11319,3638,0.2705,0.2627,0.276,0.0133,-0.0104,-0.0126,-0.007,mixed_or_noisy
combo_tags,tag_home_scoring_spot,no,opponent_runs_4plus,"2023,2024,2025",3,11319,3638,0.5622,0.5507,0.5775,0.0268,0.0043,0.0007,0.0091,mixed_or_noisy
combo_tags,tag_home_scoring_spot,no,opponent_runs_5plus,"2023,2024,2025",3,11319,3638,0.4338,0.4213,0.456,0.0347,0.0022,-0.0011,0.0047,mixed_or_noisy
combo_tags,tag_home_scoring_spot,no,team_early_deficit_scored_next2,"2023,2024,2025",3,11319,3638,0.3112,0.3035,0.3173,0.0138,-0.0136,-0.0188,-0.0106,mixed_or_noisy
combo_tags,tag_home_scoring_spot,no,team_early_deficit_tied_or_led_later,"2023,2024,2025",3,11319,3638,0.2705,0.2627,0.276,0.0133,-0.0104,-0.0126,-0.007,mixed_or_noisy
combo_tags,tag_home_scoring_spot,no,team_f5_runs_2plus,"2023,2024,2025",3,11319,3638,0.5769,0.5725,0.5852,0.0127,-0.0062,-0.0093,-0.0029,mixed_or_noisy
combo_tags,tag_home_scoring_spot,no,team_post5_runs_2plus,"2023,2024,2025",3,11319,3638,0.4844,0.4695,0.5088,0.0393,0.0034,-0.0025,0.0133,mixed_or_noisy
combo_tags,tag_home_scoring_spot,no,team_runs_4plus,"2023,2024,2025",3,11319,3638,0.5525,0.5422,0.5709,0.0287,-0.0055,-0.0071,-0.0036,mixed_or_noisy
combo_tags,tag_home_scoring_spot,no,team_runs_5plus,"2023,2024,2025",3,11319,3638,0.4251,0.4078,0.4464,0.0386,-0.0065,-0.0088,-0.0042,mixed_or_noisy
combo_tags,tag_home_scoring_spot,no,team_trailed_early_1to3,"2023,2024,2025",3,11319,3638,0.4854,0.4801,0.4929,0.0128,-0.0027,-0.0057,0.0002,mixed_or_noisy
combo_tags,tag_home_scoring_spot,no,team_won,"2023,2024,2025",3,11319,3638,0.4855,0.482,0.4876,0.0056,-0.0138,-0.018,-0.011,mixed_or_noisy
combo_tags,tag_strong_offense_vs_weak_opp,no,f5_total_4plus,"2023,2024,2025",3,10537,3259,0.6218,0.616,0.6324,0.0164,-0.0042,-0.0066,-0.0018,mixed_or_noisy
combo_tags,tag_strong_offense_vs_weak_opp,no,f5_total_5plus,"2023,2024,2025",3,10537,3259,0.5,0.4822,0.5305,0.0483,-0.0064,-0.0103,-0.0005,mixed_or_noisy
combo_tags,tag_strong_offense_vs_weak_opp,no,game_total_10plus,"2023,2024,2025",3,10537,3259,0.3929,0.3697,0.4256,0.0559,-0.0062,-0.0108,-0.0001,mixed_or_noisy
combo_tags,tag_strong_offense_vs_weak_opp,no,game_total_9plus,"2023,2024,2025",3,10537,3259,0.4916,0.474,0.5229,0.0489,-0.0069,-0.0113,-0.0008,mixed_or_noisy
combo_tags,tag_strong_offense_vs_weak_opp,no,opponent_blew_early_small_lead,"2023,2024,2025",3,10537,3259,0.2795,0.2682,0.2866,0.0184,-0.0014,-0.0039,0.0013,mixed_or_noisy
combo_tags,tag_strong_offense_vs_weak_opp,no,opponent_runs_4plus,"2023,2024,2025",3,10537,3259,0.5611,0.547,0.5888,0.0418,0.0032,-0.003,0.0143,mixed_or_noisy
combo_tags,tag_strong_offense_vs_weak_opp,no,opponent_runs_5plus,"2023,2024,2025",3,10537,3259,0.4358,0.4179,0.463,0.0451,0.0042,0.0013,0.0101,mixed_or_noisy
combo_tags,tag_strong_offense_vs_weak_opp,no,team_early_deficit_scored_next2,"2023,2024,2025",3,10537,3259,0.3256,0.316,0.3357,0.0197,0.0008,-0.0028,0.0041,mixed_or_noisy
combo_tags,tag_strong_offense_vs_weak_opp,no,team_early_deficit_tied_or_led_later,"2023,2024,2025",3,10537,3259,0.2795,0.2682,0.2866,0.0184,-0.0014,-0.0039,0.0013,mixed_or_noisy
combo_tags,tag_strong_offense_vs_weak_opp,no,team_f5_runs_2plus,"2023,2024,2025",3,10537,3259,0.5712,0.5625,0.5839,0.0214,-0.0119,-0.017,-0.0081,mixed_or_noisy
combo_tags,tag_strong_offense_vs_weak_opp,no,team_post5_runs_2plus,"2023,2024,2025",3,10537,3259,0.4743,0.4595,0.4919,0.0324,-0.0067,-0.0106,-0.0036,mixed_or_noisy
combo_tags,tag_strong_offense_vs_weak_opp,no,team_runs_4plus,"2023,2024,2025",3,10537,3259,0.5473,0.5385,0.5649,0.0264,-0.0106,-0.0115,-0.0096,mixed_or_noisy
combo_tags,tag_strong_offense_vs_weak_opp,no,team_runs_5plus,"2023,2024,2025",3,10537,3259,0.4192,0.4044,0.4431,0.0387,-0.0124,-0.0152,-0.0098,mixed_or_noisy
combo_tags,tag_strong_offense_vs_weak_opp,no,team_trailed_early_1to3,"2023,2024,2025",3,10537,3259,0.4951,0.4896,0.5011,0.0115,0.007,0.0019,0.0122,mixed_or_noisy
combo_tags,tag_strong_offense_vs_weak_opp,no,team_won,"2023,2024,2025",3,10537,3259,0.4889,0.4876,0.4901,0.0025,-0.0104,-0.0124,-0.009,mixed_or_noisy
starter_quality,opponent_starter_confidence,high,f5_total_4plus,"2023,2024,2025",3,10422,3391,0.622,0.617,0.6284,0.0114,-0.004,-0.0058,-0.0021,mixed_or_noisy
starter_quality,opponent_starter_confidence,high,f5_total_5plus,"2023,2024,2025",3,10422,3391,0.5056,0.4926,0.5261,0.0335,-0.0008,-0.0049,0.0055,mixed_or_noisy
starter_quality,opponent_starter_confidence,high,game_total_10plus,"2023,2024,2025",3,10422,3391,0.3979,0.3721,0.427,0.0549,-0.0012,-0.0084,0.0034,mixed_or_noisy
starter_quality,opponent_starter_confidence,high,game_total_9plus,"2023,2024,2025",3,10422,3391,0.4963,0.4791,0.5243,0.0452,-0.0021,-0.0072,0.0006,mixed_or_noisy
starter_quality,opponent_starter_confidence,high,opponent_blew_early_small_lead,"2023,2024,2025",3,10422,3391,0.2802,0.2679,0.2881,0.0202,-0.0007,-0.003,0.0028,mixed_or_noisy
starter_quality,opponent_starter_confidence,high,opponent_runs_4plus,"2023,2024,2025",3,10422,3391,0.5589,0.5493,0.5777,0.0284,0.0009,-0.0007,0.0032,mixed_or_noisy
starter_quality,opponent_starter_confidence,high,opponent_runs_5plus,"2023,2024,2025",3,10422,3391,0.435,0.4207,0.4592,0.0385,0.0035,0.0,0.0063,mixed_or_noisy
starter_quality,opponent_starter_confidence,high,team_early_deficit_scored_next2,"2023,2024,2025",3,10422,3391,0.3232,0.3159,0.3303,0.0144,-0.0016,-0.0046,0.0011,mixed_or_noisy
starter_quality,opponent_starter_confidence,high,team_early_deficit_tied_or_led_later,"2023,2024,2025",3,10422,3391,0.2802,0.2679,0.2881,0.0202,-0.0007,-0.003,0.0028,mixed_or_noisy
starter_quality,opponent_starter_confidence,high,team_f5_runs_2plus,"2023,2024,2025",3,10422,3391,0.5759,0.57,0.586,0.016,-0.0072,-0.0085,-0.0054,mixed_or_noisy
starter_quality,opponent_starter_confidence,high,team_post5_runs_2plus,"2023,2024,2025",3,10422,3391,0.4798,0.4698,0.4972,0.0274,-0.0012,-0.0075,0.0022,mixed_or_noisy
starter_quality,opponent_starter_confidence,high,team_runs_4plus,"2023,2024,2025",3,10422,3391,0.5523,0.5395,0.5703,0.0308,-0.0057,-0.0105,-0.0023,mixed_or_noisy
starter_quality,opponent_starter_confidence,high,team_runs_5plus,"2023,2024,2025",3,10422,3391,0.4254,0.415,0.4459,0.0309,-0.0062,-0.0099,-0.0016,mixed_or_noisy
starter_quality,opponent_starter_confidence,high,team_trailed_early_1to3,"2023,2024,2025",3,10422,3391,0.4923,0.4905,0.4951,0.0046,0.0042,-0.0022,0.0086,mixed_or_noisy
starter_quality,opponent_starter_confidence,high,team_won,"2023,2024,2025",3,10422,3391,0.4936,0.4895,0.4968,0.0073,-0.0057,-0.0085,-0.0032,mixed_or_noisy
starter_quality,starter_confidence,high,f5_total_4plus,"2023,2024,2025",3,10422,3391,0.622,0.617,0.6284,0.0114,-0.004,-0.0058,-0.0021,mixed_or_noisy
starter_quality,starter_confidence,high,f5_total_5plus,"2023,2024,2025",3,10422,3391,0.5056,0.4926,0.5261,0.0335,-0.0008,-0.0049,0.0055,mixed_or_noisy
starter_quality,starter_confidence,high,game_total_10plus,"2023,2024,2025",3,10422,3391,0.3979,0.3721,0.427,0.0549,-0.0012,-0.0084,0.0034,mixed_or_noisy
starter_quality,starter_confidence,high,game_total_9plus,"2023,2024,2025",3,10422,3391,0.4963,0.4791,0.5243,0.0452,-0.0021,-0.0072,0.0006,mixed_or_noisy
starter_quality,starter_confidence,high,opponent_blew_early_small_lead,"2023,2024,2025",3,10422,3391,0.2818,0.2704,0.2879,0.0175,0.0009,0.0002,0.0019,mixed_or_noisy
starter_quality,starter_confidence,high,opponent_runs_4plus,"2023,2024,2025",3,10422,3391,0.5523,0.5395,0.5703,0.0308,-0.0057,-0.0105,-0.0023,mixed_or_noisy
starter_quality,starter_confidence,high,opponent_runs_5plus,"2023,2024,2025",3,10422,3391,0.4254,0.415,0.4459,0.0309,-0.0062,-0.0099,-0.0016,mixed_or_noisy
starter_quality,starter_confidence,high,team_early_deficit_scored_next2,"2023,2024,2025",3,10422,3391,0.3234,0.3176,0.3279,0.0103,-0.0013,-0.0037,0.0028,mixed_or_noisy
starter_quality,starter_confidence,high,team_early_deficit_tied_or_led_later,"2023,2024,2025",3,10422,3391,0.2818,0.2704,0.2879,0.0175,0.0009,0.0002,0.0019,mixed_or_noisy
starter_quality,starter_confidence,high,team_f5_runs_2plus,"2023,2024,2025",3,10422,3391,0.589,0.5767,0.5992,0.0225,0.0059,0.0013,0.0116,mixed_or_noisy
starter_quality,starter_confidence,high,team_post5_runs_2plus,"2023,2024,2025",3,10422,3391,0.4827,0.4718,0.5031,0.0313,0.0017,-0.0041,0.0076,mixed_or_noisy
starter_quality,starter_confidence,high,team_runs_4plus,"2023,2024,2025",3,10422,3391,0.5589,0.5493,0.5777,0.0284,0.0009,-0.0007,0.0032,mixed_or_noisy
starter_quality,starter_confidence,high,team_runs_5plus,"2023,2024,2025",3,10422,3391,0.435,0.4207,0.4592,0.0385,0.0035,0.0,0.0063,mixed_or_noisy
starter_quality,starter_confidence,high,team_trailed_early_1to3,"2023,2024,2025",3,10422,3391,0.4831,0.4766,0.4882,0.0116,-0.005,-0.006,-0.0044,mixed_or_noisy
starter_quality,starter_confidence,high,team_won,"2023,2024,2025",3,10422,3391,0.5064,0.5032,0.5105,0.0073,0.0071,0.0032,0.0125,mixed_or_noisy
starter_volatility,opponent_starter_early_exit_rate_bucket,low_lt_30,f5_total_4plus,"2023,2024,2025",3,7804,2557,0.6214,0.6097,0.6346,0.0249,-0.0045,-0.0129,0.0004,mixed_or_noisy
starter_volatility,opponent_starter_early_exit_rate_bucket,low_lt_30,f5_total_5plus,"2023,2024,2025",3,7804,2557,0.5035,0.4873,0.5314,0.0441,-0.0029,-0.0052,0.0004,mixed_or_noisy
starter_volatility,opponent_starter_early_exit_rate_bucket,low_lt_30,game_total_10plus,"2023,2024,2025",3,7804,2557,0.3966,0.3688,0.43,0.0612,-0.0025,-0.0117,0.0043,mixed_or_noisy
starter_volatility,opponent_starter_early_exit_rate_bucket,low_lt_30,game_total_9plus,"2023,2024,2025",3,7804,2557,0.49,0.469,0.5223,0.0533,-0.0084,-0.0173,-0.0014,mixed_or_noisy
starter_volatility,opponent_starter_early_exit_rate_bucket,low_lt_30,opponent_blew_early_small_lead,"2023,2024,2025",3,7804,2557,0.2731,0.2632,0.2809,0.0177,-0.0078,-0.0124,-0.0044,mixed_or_noisy
starter_volatility,opponent_starter_early_exit_rate_bucket,low_lt_30,opponent_runs_4plus,"2023,2024,2025",3,7804,2557,0.5634,0.5461,0.5963,0.0502,0.0055,-0.0039,0.0218,mixed_or_noisy
starter_volatility,opponent_starter_early_exit_rate_bucket,low_lt_30,opponent_runs_5plus,"2023,2024,2025",3,7804,2557,0.4425,0.4204,0.4792,0.0588,0.011,0.0028,0.0263,mixed_or_noisy
starter_volatility,opponent_starter_early_exit_rate_bucket,low_lt_30,team_early_deficit_scored_next2,"2023,2024,2025",3,7804,2557,0.3198,0.3129,0.3335,0.0206,-0.0049,-0.015,0.0019,mixed_or_noisy
starter_volatility,opponent_starter_early_exit_rate_bucket,low_lt_30,team_early_deficit_tied_or_led_later,"2023,2024,2025",3,7804,2557,0.2731,0.2632,0.2809,0.0177,-0.0078,-0.0124,-0.0044,mixed_or_noisy
starter_volatility,opponent_starter_early_exit_rate_bucket,low_lt_30,team_f5_runs_2plus,"2023,2024,2025",3,7804,2557,0.5642,0.5565,0.5727,0.0162,-0.0189,-0.0218,-0.016,mixed_or_noisy
starter_volatility,opponent_starter_early_exit_rate_bucket,low_lt_30,team_post5_runs_2plus,"2023,2024,2025",3,7804,2557,0.4753,0.4609,0.4919,0.031,-0.0056,-0.0164,0.0031,mixed_or_noisy
starter_volatility,opponent_starter_early_exit_rate_bucket,low_lt_30,team_runs_4plus,"2023,2024,2025",3,7804,2557,0.5426,0.5298,0.5576,0.0278,-0.0153,-0.0202,-0.0088,mixed_or_noisy
starter_volatility,opponent_starter_early_exit_rate_bucket,low_lt_30,team_runs_5plus,"2023,2024,2025",3,7804,2557,0.4171,0.4067,0.4337,0.027,-0.0144,-0.0192,-0.0056,mixed_or_noisy
starter_volatility,opponent_starter_early_exit_rate_bucket,low_lt_30,team_trailed_early_1to3,"2023,2024,2025",3,7804,2557,0.4941,0.4842,0.5039,0.0197,0.006,-0.0085,0.015,mixed_or_noisy
starter_volatility,opponent_starter_early_exit_rate_bucket,low_lt_30,team_won,"2023,2024,2025",3,7804,2557,0.484,0.4765,0.4982,0.0217,-0.0154,-0.0235,-0.0018,mixed_or_noisy
team_quality,home_away,away,f5_total_4plus,"2023,2024,2025",3,7506,2471,0.626,0.6211,0.6342,0.0131,0.0,0.0,0.0,mixed_or_noisy
team_quality,home_away,away,f5_total_5plus,"2023,2024,2025",3,7506,2471,0.5064,0.4925,0.531,0.0385,0.0,0.0,0.0,mixed_or_noisy
team_quality,home_away,away,game_total_10plus,"2023,2024,2025",3,7506,2471,0.3991,0.3805,0.4257,0.0452,0.0,0.0,0.0,mixed_or_noisy
team_quality,home_away,away,game_total_9plus,"2023,2024,2025",3,7506,2471,0.4984,0.4853,0.5237,0.0384,0.0,0.0,0.0,mixed_or_noisy
team_quality,home_away,away,opponent_blew_early_small_lead,"2023,2024,2025",3,7506,2471,0.2547,0.243,0.2634,0.0204,-0.0262,-0.0275,-0.0243,mixed_or_noisy
team_quality,home_away,away,opponent_runs_4plus,"2023,2024,2025",3,7506,2471,0.5676,0.5543,0.5754,0.0211,0.0096,-0.0015,0.0261,mixed_or_noisy
team_quality,home_away,away,opponent_runs_5plus,"2023,2024,2025",3,7506,2471,0.4346,0.4215,0.4492,0.0277,0.003,-0.0037,0.0165,mixed_or_noisy
team_quality,home_away,away,team_early_deficit_tied_or_led_later,"2023,2024,2025",3,7506,2471,0.2547,0.243,0.2634,0.0204,-0.0262,-0.0275,-0.0243,mixed_or_noisy
team_quality,home_away,away,team_f5_runs_2plus,"2023,2024,2025",3,7506,2471,0.5662,0.5499,0.5828,0.0329,-0.0169,-0.0255,-0.0117,mixed_or_noisy
team_quality,home_away,away,team_post5_runs_2plus,"2023,2024,2025",3,7506,2471,0.4994,0.4824,0.5249,0.0425,0.0185,0.0123,0.0294,mixed_or_noisy
team_quality,home_away,away,team_runs_4plus,"2023,2024,2025",3,7506,2471,0.5483,0.5232,0.5759,0.0527,-0.0097,-0.0261,0.0014,mixed_or_noisy
team_quality,home_away,away,team_runs_5plus,"2023,2024,2025",3,7506,2471,0.4285,0.4,0.4565,0.0565,-0.0031,-0.0166,0.0037,mixed_or_noisy
team_quality,home_away,away,team_trailed_early_1to3,"2023,2024,2025",3,7506,2471,0.474,0.4645,0.4869,0.0224,-0.014,-0.0182,-0.0058,mixed_or_noisy
team_quality,home_away,away,team_won,"2023,2024,2025",3,7506,2471,0.4716,0.4566,0.4816,0.025,-0.0277,-0.0434,-0.0184,mixed_or_noisy
team_quality,home_away,home,f5_total_4plus,"2023,2024,2025",3,7506,2471,0.626,0.6211,0.6342,0.0131,0.0,0.0,0.0,mixed_or_noisy
team_quality,home_away,home,f5_total_5plus,"2023,2024,2025",3,7506,2471,0.5064,0.4925,0.531,0.0385,0.0,0.0,0.0,mixed_or_noisy
team_quality,home_away,home,game_total_10plus,"2023,2024,2025",3,7506,2471,0.3991,0.3805,0.4257,0.0452,0.0,0.0,0.0,mixed_or_noisy
team_quality,home_away,home,game_total_9plus,"2023,2024,2025",3,7506,2471,0.4984,0.4853,0.5237,0.0384,0.0,0.0,0.0,mixed_or_noisy
team_quality,home_away,home,opponent_blew_early_small_lead,"2023,2024,2025",3,7506,2471,0.3071,0.2965,0.3128,0.0163,0.0262,0.0242,0.0275,mixed_or_noisy
team_quality,home_away,home,opponent_runs_4plus,"2023,2024,2025",3,7506,2471,0.5483,0.5232,0.5759,0.0527,-0.0097,-0.0261,0.0014,mixed_or_noisy
team_quality,home_away,home,opponent_runs_5plus,"2023,2024,2025",3,7506,2471,0.4285,0.4,0.4565,0.0565,-0.0031,-0.0166,0.0037,mixed_or_noisy
team_quality,home_away,home,team_early_deficit_tied_or_led_later,"2023,2024,2025",3,7506,2471,0.3071,0.2965,0.3128,0.0163,0.0262,0.0242,0.0275,mixed_or_noisy
team_quality,home_away,home,team_f5_runs_2plus,"2023,2024,2025",3,7506,2471,0.6,0.593,0.6062,0.0132,0.0169,0.0117,0.0254,mixed_or_noisy
team_quality,home_away,home,team_post5_runs_2plus,"2023,2024,2025",3,7506,2471,0.4626,0.4578,0.4662,0.0084,-0.0184,-0.0293,-0.0123,mixed_or_noisy
team_quality,home_away,home,team_runs_4plus,"2023,2024,2025",3,7506,2471,0.5676,0.5543,0.5754,0.0211,0.0096,-0.0015,0.0261,mixed_or_noisy
team_quality,home_away,home,team_runs_5plus,"2023,2024,2025",3,7506,2471,0.4346,0.4215,0.4492,0.0277,0.003,-0.0037,0.0165,mixed_or_noisy
team_quality,home_away,home,team_trailed_early_1to3,"2023,2024,2025",3,7506,2471,0.5022,0.4986,0.5071,0.0085,0.0141,0.0059,0.0182,mixed_or_noisy
team_quality,home_away,home,team_won,"2023,2024,2025",3,7506,2471,0.5271,0.5184,0.5434,0.025,0.0278,0.0184,0.0434,mixed_or_noisy
starter_quality,opponent_starter_ip_bucket,normal_5_0_5_8,f5_total_4plus,"2023,2024,2025",3,6534,2077,0.6308,0.6204,0.6476,0.0272,0.0048,-0.0007,0.0134,mixed_or_noisy
starter_quality,opponent_starter_ip_bucket,normal_5_0_5_8,f5_total_5plus,"2023,2024,2025",3,6534,2077,0.5104,0.4917,0.5354,0.0437,0.004,-0.004,0.0116,mixed_or_noisy
starter_quality,opponent_starter_ip_bucket,normal_5_0_5_8,game_total_10plus,"2023,2024,2025",3,6534,2077,0.3991,0.3698,0.4232,0.0534,0.0,-0.0107,0.0133,mixed_or_noisy
starter_quality,opponent_starter_ip_bucket,normal_5_0_5_8,game_total_9plus,"2023,2024,2025",3,6534,2077,0.4996,0.4766,0.5282,0.0516,0.0012,-0.0097,0.0088,mixed_or_noisy
starter_quality,opponent_starter_ip_bucket,normal_5_0_5_8,opponent_blew_early_small_lead,"2023,2024,2025",3,6534,2077,0.2862,0.2751,0.2971,0.022,0.0053,-0.0014,0.0118,mixed_or_noisy
starter_quality,opponent_starter_ip_bucket,normal_5_0_5_8,opponent_runs_4plus,"2023,2024,2025",3,6534,2077,0.563,0.5462,0.585,0.0388,0.005,-0.0038,0.0105,mixed_or_noisy
starter_quality,opponent_starter_ip_bucket,normal_5_0_5_8,opponent_runs_5plus,"2023,2024,2025",3,6534,2077,0.4374,0.4221,0.4627,0.0406,0.0058,-0.0031,0.0108,mixed_or_noisy
starter_quality,opponent_starter_ip_bucket,normal_5_0_5_8,team_early_deficit_scored_next2,"2023,2024,2025",3,6534,2077,0.3311,0.3228,0.3457,0.0229,0.0063,-0.0051,0.0141,mixed_or_noisy
starter_quality,opponent_starter_ip_bucket,normal_5_0_5_8,team_early_deficit_tied_or_led_later,"2023,2024,2025",3,6534,2077,0.2862,0.2751,0.2971,0.022,0.0053,-0.0014,0.0118,mixed_or_noisy
starter_quality,opponent_starter_ip_bucket,normal_5_0_5_8,team_f5_runs_2plus,"2023,2024,2025",3,6534,2077,0.5835,0.5757,0.5908,0.0151,0.0003,-0.0038,0.0085,mixed_or_noisy
starter_quality,opponent_starter_ip_bucket,normal_5_0_5_8,team_post5_runs_2plus,"2023,2024,2025",3,6534,2077,0.4791,0.4721,0.4882,0.0161,-0.0019,-0.0073,0.0069,mixed_or_noisy
starter_quality,opponent_starter_ip_bucket,normal_5_0_5_8,team_runs_4plus,"2023,2024,2025",3,6534,2077,0.5582,0.5516,0.5672,0.0156,0.0003,-0.0073,0.0066,mixed_or_noisy
starter_quality,opponent_starter_ip_bucket,normal_5_0_5_8,team_runs_5plus,"2023,2024,2025",3,6534,2077,0.4302,0.4216,0.4439,0.0223,-0.0013,-0.009,0.005,mixed_or_noisy
starter_quality,opponent_starter_ip_bucket,normal_5_0_5_8,team_trailed_early_1to3,"2023,2024,2025",3,6534,2077,0.4965,0.4869,0.5055,0.0186,0.0084,-0.0058,0.0166,mixed_or_noisy
starter_quality,opponent_starter_ip_bucket,normal_5_0_5_8,team_won,"2023,2024,2025",3,6534,2077,0.4933,0.4858,0.4991,0.0133,-0.0061,-0.0142,-0.0009,mixed_or_noisy
offense_consistency,l10_scored2minus_rate_bucket,below_avg_30_45,f5_total_4plus,"2023,2024,2025",3,6522,2059,0.6102,0.5953,0.6197,0.0244,-0.0157,-0.0258,-0.0069,mixed_or_noisy
offense_consistency,l10_scored2minus_rate_bucket,below_avg_30_45,f5_total_5plus,"2023,2024,2025",3,6522,2059,0.4952,0.4802,0.5206,0.0404,-0.0112,-0.0155,-0.0077,mixed_or_noisy
offense_consistency,l10_scored2minus_rate_bucket,below_avg_30_45,game_total_10plus,"2023,2024,2025",3,6522,2059,0.3881,0.3637,0.4186,0.0549,-0.011,-0.0168,-0.0071,mixed_or_noisy
offense_consistency,l10_scored2minus_rate_bucket,below_avg_30_45,game_total_9plus,"2023,2024,2025",3,6522,2059,0.4868,0.4723,0.5143,0.042,-0.0117,-0.014,-0.0094,mixed_or_noisy
offense_consistency,l10_scored2minus_rate_bucket,below_avg_30_45,opponent_blew_early_small_lead,"2023,2024,2025",3,6522,2059,0.2732,0.2569,0.2861,0.0292,-0.0077,-0.0128,0.0008,mixed_or_noisy
offense_consistency,l10_scored2minus_rate_bucket,below_avg_30_45,opponent_runs_4plus,"2023,2024,2025",3,6522,2059,0.5503,0.5443,0.561,0.0167,-0.0076,-0.0135,-0.0037,mixed_or_noisy
offense_consistency,l10_scored2minus_rate_bucket,below_avg_30_45,opponent_runs_5plus,"2023,2024,2025",3,6522,2059,0.4255,0.406,0.4449,0.0389,-0.0061,-0.0106,0.0004,mixed_or_noisy
offense_consistency,l10_scored2minus_rate_bucket,below_avg_30_45,team_early_deficit_scored_next2,"2023,2024,2025",3,6522,2059,0.3195,0.3044,0.3346,0.0302,-0.0053,-0.0104,0.003,mixed_or_noisy
offense_consistency,l10_scored2minus_rate_bucket,below_avg_30_45,team_early_deficit_tied_or_led_later,"2023,2024,2025",3,6522,2059,0.2732,0.2569,0.2861,0.0292,-0.0077,-0.0128,0.0008,mixed_or_noisy
offense_consistency,l10_scored2minus_rate_bucket,below_avg_30_45,team_f5_runs_2plus,"2023,2024,2025",3,6522,2059,0.57,0.5567,0.5881,0.0314,-0.0131,-0.0187,-0.0064,mixed_or_noisy
offense_consistency,l10_scored2minus_rate_bucket,below_avg_30_45,team_post5_runs_2plus,"2023,2024,2025",3,6522,2059,0.478,0.4645,0.5036,0.0391,-0.003,-0.0128,0.0081,mixed_or_noisy
offense_consistency,l10_scored2minus_rate_bucket,below_avg_30_45,team_runs_4plus,"2023,2024,2025",3,6522,2059,0.5487,0.5341,0.5755,0.0414,-0.0093,-0.0152,0.001,mixed_or_noisy
offense_consistency,l10_scored2minus_rate_bucket,below_avg_30_45,team_runs_5plus,"2023,2024,2025",3,6522,2059,0.4213,0.4051,0.4492,0.0441,-0.0102,-0.0201,-0.0037,mixed_or_noisy
offense_consistency,l10_scored2minus_rate_bucket,below_avg_30_45,team_trailed_early_1to3,"2023,2024,2025",3,6522,2059,0.4897,0.4841,0.4959,0.0118,0.0016,0.0002,0.0032,mixed_or_noisy
offense_consistency,l10_scored2minus_rate_bucket,below_avg_30_45,team_won,"2023,2024,2025",3,6522,2059,0.4929,0.4802,0.5027,0.0225,-0.0064,-0.0178,0.0027,mixed_or_noisy
team_quality,team_strength_gap_bucket,neutral_minus5_plus5,f5_total_4plus,"2023,2024,2025",3,6516,2006,0.6166,0.6126,0.6241,0.0115,-0.0094,-0.0101,-0.0085,mixed_or_noisy
team_quality,team_strength_gap_bucket,neutral_minus5_plus5,f5_total_5plus,"2023,2024,2025",3,6516,2006,0.4973,0.4856,0.5174,0.0318,-0.0091,-0.0136,-0.0067,mixed_or_noisy
team_quality,team_strength_gap_bucket,neutral_minus5_plus5,game_total_10plus,"2023,2024,2025",3,6516,2006,0.392,0.3725,0.4167,0.0442,-0.0071,-0.009,-0.0042,mixed_or_noisy
team_quality,team_strength_gap_bucket,neutral_minus5_plus5,game_total_9plus,"2023,2024,2025",3,6516,2006,0.4903,0.4811,0.5085,0.0274,-0.0082,-0.0152,-0.0042,mixed_or_noisy
team_quality,team_strength_gap_bucket,neutral_minus5_plus5,opponent_blew_early_small_lead,"2023,2024,2025",3,6516,2006,0.2797,0.2704,0.2931,0.0227,-0.0012,-0.0096,0.0054,mixed_or_noisy
team_quality,team_strength_gap_bucket,neutral_minus5_plus5,opponent_runs_4plus,"2023,2024,2025",3,6516,2006,0.5541,0.5491,0.5638,0.0147,-0.0038,-0.0107,0.0001,mixed_or_noisy
team_quality,team_strength_gap_bucket,neutral_minus5_plus5,opponent_runs_5plus,"2023,2024,2025",3,6516,2006,0.4261,0.4138,0.4377,0.0239,-0.0055,-0.0152,0.0016,mixed_or_noisy
team_quality,team_strength_gap_bucket,neutral_minus5_plus5,team_early_deficit_scored_next2,"2023,2024,2025",3,6516,2006,0.3219,0.3094,0.3312,0.0218,-0.0029,-0.0066,0.0033,mixed_or_noisy
team_quality,team_strength_gap_bucket,neutral_minus5_plus5,team_early_deficit_tied_or_led_later,"2023,2024,2025",3,6516,2006,0.2797,0.2704,0.2931,0.0227,-0.0012,-0.0096,0.0054,mixed_or_noisy
team_quality,team_strength_gap_bucket,neutral_minus5_plus5,team_f5_runs_2plus,"2023,2024,2025",3,6516,2006,0.5793,0.5709,0.5877,0.0168,-0.0038,-0.0068,-0.0002,mixed_or_noisy
team_quality,team_strength_gap_bucket,neutral_minus5_plus5,team_post5_runs_2plus,"2023,2024,2025",3,6516,2006,0.4802,0.4717,0.4965,0.0248,-0.0008,-0.0049,0.0016,mixed_or_noisy
team_quality,team_strength_gap_bucket,neutral_minus5_plus5,team_runs_4plus,"2023,2024,2025",3,6516,2006,0.5541,0.5491,0.5638,0.0147,-0.0038,-0.0107,0.0001,mixed_or_noisy
team_quality,team_strength_gap_bucket,neutral_minus5_plus5,team_runs_5plus,"2023,2024,2025",3,6516,2006,0.4261,0.4138,0.4377,0.0239,-0.0055,-0.0152,0.0016,mixed_or_noisy
team_quality,team_strength_gap_bucket,neutral_minus5_plus5,team_trailed_early_1to3,"2023,2024,2025",3,6516,2006,0.4812,0.475,0.4874,0.0124,-0.0069,-0.0078,-0.0053,mixed_or_noisy
team_quality,team_strength_gap_bucket,neutral_minus5_plus5,team_won,"2023,2024,2025",3,6516,2006,0.4997,0.4991,0.5,0.0009,0.0004,0.0,0.0011,mixed_or_noisy
opponent_vulnerability,opponent_l10_allowed2minus_rate_bucket,below_avg_30_45,f5_total_4plus,"2023,2024,2025",3,6467,2138,0.6167,0.6139,0.6188,0.0049,-0.0093,-0.0168,-0.0038,mixed_or_noisy
opponent_vulnerability,opponent_l10_allowed2minus_rate_bucket,below_avg_30_45,f5_total_5plus,"2023,2024,2025",3,6467,2138,0.4983,0.4878,0.5164,0.0286,-0.0081,-0.0146,-0.0047,mixed_or_noisy
opponent_vulnerability,opponent_l10_allowed2minus_rate_bucket,below_avg_30_45,game_total_10plus,"2023,2024,2025",3,6467,2138,0.3918,0.3756,0.4135,0.0379,-0.0073,-0.0122,-0.0048,mixed_or_noisy
opponent_vulnerability,opponent_l10_allowed2minus_rate_bucket,below_avg_30_45,game_total_9plus,"2023,2024,2025",3,6467,2138,0.4915,0.4827,0.507,0.0243,-0.007,-0.0167,-0.0016,mixed_or_noisy
opponent_vulnerability,opponent_l10_allowed2minus_rate_bucket,below_avg_30_45,opponent_blew_early_small_lead,"2023,2024,2025",3,6467,2138,0.2715,0.2602,0.2797,0.0195,-0.0094,-0.0107,-0.008,mixed_or_noisy
opponent_vulnerability,opponent_l10_allowed2minus_rate_bucket,below_avg_30_45,opponent_runs_4plus,"2023,2024,2025",3,6467,2138,0.5584,0.5561,0.5627,0.0066,0.0005,-0.0118,0.0068,mixed_or_noisy
opponent_vulnerability,opponent_l10_allowed2minus_rate_bucket,below_avg_30_45,opponent_runs_5plus,"2023,2024,2025",3,6467,2138,0.4376,0.427,0.4439,0.0169,0.006,-0.009,0.0166,mixed_or_noisy
opponent_vulnerability,opponent_l10_allowed2minus_rate_bucket,below_avg_30_45,team_early_deficit_scored_next2,"2023,2024,2025",3,6467,2138,0.3208,0.3094,0.3293,0.0199,-0.004,-0.0054,-0.0023,mixed_or_noisy
opponent_vulnerability,opponent_l10_allowed2minus_rate_bucket,below_avg_30_45,team_early_deficit_tied_or_led_later,"2023,2024,2025",3,6467,2138,0.2715,0.2602,0.2797,0.0195,-0.0094,-0.0107,-0.008,mixed_or_noisy
opponent_vulnerability,opponent_l10_allowed2minus_rate_bucket,below_avg_30_45,team_f5_runs_2plus,"2023,2024,2025",3,6467,2138,0.5741,0.5632,0.5945,0.0313,-0.0091,-0.0163,0.0,mixed_or_noisy
opponent_vulnerability,opponent_l10_allowed2minus_rate_bucket,below_avg_30_45,team_post5_runs_2plus,"2023,2024,2025",3,6467,2138,0.4757,0.4663,0.4944,0.0281,-0.0052,-0.0108,-0.0011,mixed_or_noisy
opponent_vulnerability,opponent_l10_allowed2minus_rate_bucket,below_avg_30_45,team_runs_4plus,"2023,2024,2025",3,6467,2138,0.5433,0.5294,0.5697,0.0403,-0.0146,-0.0206,-0.0048,mixed_or_noisy
opponent_vulnerability,opponent_l10_allowed2minus_rate_bucket,below_avg_30_45,team_runs_5plus,"2023,2024,2025",3,6467,2138,0.4189,0.4053,0.4448,0.0395,-0.0127,-0.0199,-0.0081,mixed_or_noisy
opponent_vulnerability,opponent_l10_allowed2minus_rate_bucket,below_avg_30_45,team_trailed_early_1to3,"2023,2024,2025",3,6467,2138,0.4844,0.4822,0.4878,0.0056,-0.0036,-0.0067,0.0007,mixed_or_noisy
opponent_vulnerability,opponent_l10_allowed2minus_rate_bucket,below_avg_30_45,team_won,"2023,2024,2025",3,6467,2138,0.4922,0.4847,0.5042,0.0195,-0.0071,-0.0133,0.0042,mixed_or_noisy
starter_volatility,opponent_starter_ra_std_bucket,normal_1_25_2_0,f5_total_4plus,"2023,2024,2025",3,6135,1968,0.6277,0.6215,0.6314,0.0099,0.0017,-0.0041,0.0103,mixed_or_noisy
starter_volatility,opponent_starter_ra_std_bucket,normal_1_25_2_0,f5_total_5plus,"2023,2024,2025",3,6135,1968,0.5089,0.4943,0.53,0.0357,0.0025,-0.001,0.0066,mixed_or_noisy
starter_volatility,opponent_starter_ra_std_bucket,normal_1_25_2_0,game_total_10plus,"2023,2024,2025",3,6135,1968,0.3986,0.3817,0.4248,0.0431,-0.0005,-0.0017,0.0012,mixed_or_noisy
starter_volatility,opponent_starter_ra_std_bucket,normal_1_25_2_0,game_total_9plus,"2023,2024,2025",3,6135,1968,0.5008,0.4874,0.5254,0.038,0.0024,0.0017,0.0034,mixed_or_noisy
starter_volatility,opponent_starter_ra_std_bucket,normal_1_25_2_0,opponent_blew_early_small_lead,"2023,2024,2025",3,6135,1968,0.2766,0.2587,0.2932,0.0345,-0.0043,-0.011,0.0055,mixed_or_noisy
starter_volatility,opponent_starter_ra_std_bucket,normal_1_25_2_0,opponent_runs_4plus,"2023,2024,2025",3,6135,1968,0.5599,0.5485,0.5737,0.0252,0.002,-0.0008,0.0075,mixed_or_noisy
starter_volatility,opponent_starter_ra_std_bucket,normal_1_25_2_0,opponent_runs_5plus,"2023,2024,2025",3,6135,1968,0.4342,0.4174,0.4522,0.0348,0.0027,-0.0007,0.0079,mixed_or_noisy
starter_volatility,opponent_starter_ra_std_bucket,normal_1_25_2_0,team_early_deficit_scored_next2,"2023,2024,2025",3,6135,1968,0.3192,0.3068,0.3282,0.0214,-0.0055,-0.0089,0.0003,mixed_or_noisy
starter_volatility,opponent_starter_ra_std_bucket,normal_1_25_2_0,team_early_deficit_tied_or_led_later,"2023,2024,2025",3,6135,1968,0.2766,0.2587,0.2932,0.0345,-0.0043,-0.011,0.0055,mixed_or_noisy
starter_volatility,opponent_starter_ra_std_bucket,normal_1_25_2_0,team_f5_runs_2plus,"2023,2024,2025",3,6135,1968,0.5771,0.5638,0.5879,0.0241,-0.0061,-0.0116,0.0,mixed_or_noisy
starter_volatility,opponent_starter_ra_std_bucket,normal_1_25_2_0,team_post5_runs_2plus,"2023,2024,2025",3,6135,1968,0.4817,0.4712,0.4995,0.0283,0.0007,-0.003,0.004,mixed_or_noisy
starter_volatility,opponent_starter_ra_std_bucket,normal_1_25_2_0,team_runs_4plus,"2023,2024,2025",3,6135,1968,0.5537,0.5461,0.5655,0.0194,-0.0042,-0.009,-0.0004,mixed_or_noisy
starter_volatility,opponent_starter_ra_std_bucket,normal_1_25_2_0,team_runs_5plus,"2023,2024,2025",3,6135,1968,0.4288,0.413,0.4492,0.0362,-0.0028,-0.0037,-0.001,mixed_or_noisy
starter_volatility,opponent_starter_ra_std_bucket,normal_1_25_2_0,team_trailed_early_1to3,"2023,2024,2025",3,6135,1968,0.4866,0.4817,0.4953,0.0136,-0.0015,-0.0072,0.0026,mixed_or_noisy
starter_volatility,opponent_starter_ra_std_bucket,normal_1_25_2_0,team_won,"2023,2024,2025",3,6135,1968,0.4971,0.4897,0.5032,0.0135,-0.0022,-0.0083,0.0032,mixed_or_noisy
opponent_vulnerability,opponent_l10_allowed5_rate_bucket,below_avg_30_45,f5_total_4plus,"2023,2024,2025",3,6073,1877,0.6204,0.6124,0.6248,0.0124,-0.0056,-0.0103,0.0022,mixed_or_noisy
opponent_vulnerability,opponent_l10_allowed5_rate_bucket,below_avg_30_45,f5_total_5plus,"2023,2024,2025",3,6073,1877,0.4919,0.4762,0.5152,0.039,-0.0145,-0.0195,-0.0083,mixed_or_noisy
opponent_vulnerability,opponent_l10_allowed5_rate_bucket,below_avg_30_45,game_total_10plus,"2023,2024,2025",3,6073,1877,0.3885,0.3674,0.407,0.0396,-0.0106,-0.0187,0.0001,mixed_or_noisy
opponent_vulnerability,opponent_l10_allowed5_rate_bucket,below_avg_30_45,game_total_9plus,"2023,2024,2025",3,6073,1877,0.4866,0.4752,0.5061,0.0309,-0.0118,-0.0176,-0.0077,mixed_or_noisy
opponent_vulnerability,opponent_l10_allowed5_rate_bucket,below_avg_30_45,opponent_blew_early_small_lead,"2023,2024,2025",3,6073,1877,0.2807,0.2658,0.2945,0.0287,-0.0002,-0.0039,0.0068,mixed_or_noisy
opponent_vulnerability,opponent_l10_allowed5_rate_bucket,below_avg_30_45,opponent_runs_4plus,"2023,2024,2025",3,6073,1877,0.5594,0.5436,0.5717,0.0281,0.0015,-0.0064,0.0137,mixed_or_noisy
opponent_vulnerability,opponent_l10_allowed5_rate_bucket,below_avg_30_45,opponent_runs_5plus,"2023,2024,2025",3,6073,1877,0.4269,0.4112,0.4411,0.0299,-0.0046,-0.014,0.0119,mixed_or_noisy
opponent_vulnerability,opponent_l10_allowed5_rate_bucket,below_avg_30_45,team_early_deficit_scored_next2,"2023,2024,2025",3,6073,1877,0.3207,0.3038,0.3365,0.0327,-0.0041,-0.011,0.0086,mixed_or_noisy
opponent_vulnerability,opponent_l10_allowed5_rate_bucket,below_avg_30_45,team_early_deficit_tied_or_led_later,"2023,2024,2025",3,6073,1877,0.2807,0.2658,0.2945,0.0287,-0.0002,-0.0039,0.0068,mixed_or_noisy
opponent_vulnerability,opponent_l10_allowed5_rate_bucket,below_avg_30_45,team_f5_runs_2plus,"2023,2024,2025",3,6073,1877,0.5664,0.558,0.5828,0.0248,-0.0168,-0.0215,-0.0117,mixed_or_noisy
opponent_vulnerability,opponent_l10_allowed5_rate_bucket,below_avg_30_45,team_post5_runs_2plus,"2023,2024,2025",3,6073,1877,0.4724,0.4554,0.4838,0.0284,-0.0085,-0.0147,0.0008,mixed_or_noisy
opponent_vulnerability,opponent_l10_allowed5_rate_bucket,below_avg_30_45,team_runs_4plus,"2023,2024,2025",3,6073,1877,0.5379,0.5262,0.553,0.0268,-0.0201,-0.0231,-0.0156,mixed_or_noisy
opponent_vulnerability,opponent_l10_allowed5_rate_bucket,below_avg_30_45,team_runs_5plus,"2023,2024,2025",3,6073,1877,0.4137,0.3978,0.4331,0.0353,-0.0179,-0.0198,-0.015,mixed_or_noisy
opponent_vulnerability,opponent_l10_allowed5_rate_bucket,below_avg_30_45,team_trailed_early_1to3,"2023,2024,2025",3,6073,1877,0.4886,0.4762,0.5021,0.0259,0.0005,-0.0064,0.0094,mixed_or_noisy
opponent_vulnerability,opponent_l10_allowed5_rate_bucket,below_avg_30_45,team_won,"2023,2024,2025",3,6073,1877,0.4922,0.4795,0.5012,0.0217,-0.0071,-0.0205,0.0032,mixed_or_noisy
offense_consistency,l10_scored2minus_rate_bucket,low_lt_30,f5_total_4plus,"2023,2024,2025",3,5981,1847,0.6402,0.6253,0.6499,0.0246,0.0142,0.0027,0.0288,mixed_or_noisy
offense_consistency,l10_scored2minus_rate_bucket,low_lt_30,f5_total_5plus,"2023,2024,2025",3,5981,1847,0.5166,0.4938,0.5407,0.0469,0.0102,0.0013,0.0195,mixed_or_noisy
offense_consistency,l10_scored2minus_rate_bucket,low_lt_30,game_total_10plus,"2023,2024,2025",3,5981,1847,0.4156,0.4027,0.4338,0.0311,0.0165,0.0081,0.0222,mixed_or_noisy
offense_consistency,l10_scored2minus_rate_bucket,low_lt_30,game_total_9plus,"2023,2024,2025",3,5981,1847,0.5138,0.5051,0.5306,0.0255,0.0154,0.0069,0.0204,mixed_or_noisy
offense_consistency,l10_scored2minus_rate_bucket,low_lt_30,opponent_blew_early_small_lead,"2023,2024,2025",3,5981,1847,0.2868,0.2766,0.2999,0.0233,0.0059,-0.0015,0.0122,mixed_or_noisy
offense_consistency,l10_scored2minus_rate_bucket,low_lt_30,opponent_runs_4plus,"2023,2024,2025",3,5981,1847,0.5602,0.5532,0.5718,0.0186,0.0022,-0.0027,0.0062,mixed_or_noisy
offense_consistency,l10_scored2minus_rate_bucket,low_lt_30,opponent_runs_5plus,"2023,2024,2025",3,5981,1847,0.4338,0.4245,0.4509,0.0264,0.0022,-0.002,0.0079,mixed_or_noisy
offense_consistency,l10_scored2minus_rate_bucket,low_lt_30,team_early_deficit_scored_next2,"2023,2024,2025",3,5981,1847,0.3268,0.3136,0.3338,0.0202,0.002,-0.0012,0.0051,mixed_or_noisy
offense_consistency,l10_scored2minus_rate_bucket,low_lt_30,team_early_deficit_tied_or_led_later,"2023,2024,2025",3,5981,1847,0.2868,0.2766,0.2999,0.0233,0.0059,-0.0015,0.0122,mixed_or_noisy
offense_consistency,l10_scored2minus_rate_bucket,low_lt_30,team_f5_runs_2plus,"2023,2024,2025",3,5981,1847,0.599,0.5831,0.6125,0.0294,0.0158,0.0077,0.0218,mixed_or_noisy
offense_consistency,l10_scored2minus_rate_bucket,low_lt_30,team_post5_runs_2plus,"2023,2024,2025",3,5981,1847,0.4826,0.4801,0.4858,0.0057,0.0016,-0.0154,0.0118,mixed_or_noisy
offense_consistency,l10_scored2minus_rate_bucket,low_lt_30,team_runs_4plus,"2023,2024,2025",3,5981,1847,0.5752,0.5647,0.5824,0.0177,0.0173,0.0079,0.0285,mixed_or_noisy
offense_consistency,l10_scored2minus_rate_bucket,low_lt_30,team_runs_5plus,"2023,2024,2025",3,5981,1847,0.4529,0.438,0.4667,0.0287,0.0213,0.0138,0.0287,mixed_or_noisy
offense_consistency,l10_scored2minus_rate_bucket,low_lt_30,team_trailed_early_1to3,"2023,2024,2025",3,5981,1847,0.4809,0.4716,0.49,0.0184,-0.0072,-0.011,-0.0027,mixed_or_noisy
offense_consistency,l10_scored2minus_rate_bucket,low_lt_30,team_won,"2023,2024,2025",3,5981,1847,0.5121,0.5069,0.5172,0.0103,0.0128,0.0069,0.0192,mixed_or_noisy
opponent_vulnerability,opponent_l10_allowed2minus_rate_bucket,low_lt_30,f5_total_4plus,"2023,2024,2025",3,5932,1846,0.6363,0.6224,0.6446,0.0222,0.0104,0.0013,0.022,mixed_or_noisy
opponent_vulnerability,opponent_l10_allowed2minus_rate_bucket,low_lt_30,f5_total_5plus,"2023,2024,2025",3,5932,1846,0.5193,0.4965,0.5408,0.0443,0.0129,0.0008,0.0281,mixed_or_noisy
opponent_vulnerability,opponent_l10_allowed2minus_rate_bucket,low_lt_30,game_total_10plus,"2023,2024,2025",3,5932,1846,0.4105,0.3841,0.4405,0.0564,0.0114,0.0036,0.0157,mixed_or_noisy
opponent_vulnerability,opponent_l10_allowed2minus_rate_bucket,low_lt_30,game_total_9plus,"2023,2024,2025",3,5932,1846,0.5128,0.488,0.5451,0.0571,0.0144,0.0017,0.0214,mixed_or_noisy
opponent_vulnerability,opponent_l10_allowed2minus_rate_bucket,low_lt_30,opponent_blew_early_small_lead,"2023,2024,2025",3,5932,1846,0.2867,0.2737,0.3004,0.0267,0.0058,-0.0017,0.0151,mixed_or_noisy
opponent_vulnerability,opponent_l10_allowed2minus_rate_bucket,low_lt_30,opponent_runs_4plus,"2023,2024,2025",3,5932,1846,0.5557,0.5445,0.5739,0.0294,-0.0022,-0.0055,-0.0005,mixed_or_noisy
opponent_vulnerability,opponent_l10_allowed2minus_rate_bucket,low_lt_30,opponent_runs_5plus,"2023,2024,2025",3,5932,1846,0.4243,0.4011,0.4563,0.0552,-0.0073,-0.0241,0.0034,mixed_or_noisy
opponent_vulnerability,opponent_l10_allowed2minus_rate_bucket,low_lt_30,team_early_deficit_scored_next2,"2023,2024,2025",3,5932,1846,0.3258,0.3167,0.3378,0.0211,0.001,-0.005,0.0062,mixed_or_noisy
opponent_vulnerability,opponent_l10_allowed2minus_rate_bucket,low_lt_30,team_early_deficit_tied_or_led_later,"2023,2024,2025",3,5932,1846,0.2867,0.2737,0.3004,0.0267,0.0058,-0.0017,0.0151,mixed_or_noisy
opponent_vulnerability,opponent_l10_allowed2minus_rate_bucket,low_lt_30,team_f5_runs_2plus,"2023,2024,2025",3,5932,1846,0.5991,0.5948,0.6032,0.0084,0.016,0.0087,0.0199,mixed_or_noisy
opponent_vulnerability,opponent_l10_allowed2minus_rate_bucket,low_lt_30,team_post5_runs_2plus,"2023,2024,2025",3,5932,1846,0.4886,0.474,0.5058,0.0318,0.0076,0.0039,0.0103,mixed_or_noisy
opponent_vulnerability,opponent_l10_allowed2minus_rate_bucket,low_lt_30,team_runs_4plus,"2023,2024,2025",3,5932,1846,0.5827,0.5719,0.6003,0.0284,0.0247,0.0219,0.0265,mixed_or_noisy
opponent_vulnerability,opponent_l10_allowed2minus_rate_bucket,low_lt_30,team_runs_5plus,"2023,2024,2025",3,5932,1846,0.4546,0.4393,0.4755,0.0362,0.0231,0.0226,0.0239,mixed_or_noisy
opponent_vulnerability,opponent_l10_allowed2minus_rate_bucket,low_lt_30,team_trailed_early_1to3,"2023,2024,2025",3,5932,1846,0.4838,0.474,0.4908,0.0168,-0.0043,-0.0086,-0.0019,mixed_or_noisy
opponent_vulnerability,opponent_l10_allowed2minus_rate_bucket,low_lt_30,team_won,"2023,2024,2025",3,5932,1846,0.5129,0.5058,0.5184,0.0126,0.0136,0.0058,0.0184,mixed_or_noisy
offense_consistency,l10_scored4_rate_bucket,high_60_75,f5_total_4plus,"2023,2024,2025",3,5894,1910,0.6257,0.6251,0.6269,0.0018,-0.0003,-0.0073,0.004,mixed_or_noisy
offense_consistency,l10_scored4_rate_bucket,high_60_75,f5_total_5plus,"2023,2024,2025",3,5894,1910,0.5057,0.4927,0.5174,0.0247,-0.0007,-0.0136,0.0113,mixed_or_noisy
offense_consistency,l10_scored4_rate_bucket,high_60_75,game_total_10plus,"2023,2024,2025",3,5894,1910,0.4022,0.3853,0.4244,0.0391,0.0031,-0.0013,0.0058,mixed_or_noisy
offense_consistency,l10_scored4_rate_bucket,high_60_75,game_total_9plus,"2023,2024,2025",3,5894,1910,0.5003,0.489,0.5213,0.0323,0.0018,-0.0024,0.0042,mixed_or_noisy
offense_consistency,l10_scored4_rate_bucket,high_60_75,opponent_blew_early_small_lead,"2023,2024,2025",3,5894,1910,0.2819,0.2594,0.3031,0.0437,0.001,-0.0103,0.0154,mixed_or_noisy
offense_consistency,l10_scored4_rate_bucket,high_60_75,opponent_runs_4plus,"2023,2024,2025",3,5894,1910,0.5497,0.5393,0.5687,0.0294,-0.0083,-0.01,-0.0058,mixed_or_noisy
offense_consistency,l10_scored4_rate_bucket,high_60_75,opponent_runs_5plus,"2023,2024,2025",3,5894,1910,0.428,0.4131,0.4479,0.0348,-0.0036,-0.005,-0.0023,mixed_or_noisy
offense_consistency,l10_scored4_rate_bucket,high_60_75,team_early_deficit_scored_next2,"2023,2024,2025",3,5894,1910,0.3247,0.3058,0.3377,0.0319,-0.0001,-0.009,0.0098,mixed_or_noisy
offense_consistency,l10_scored4_rate_bucket,high_60_75,team_early_deficit_tied_or_led_later,"2023,2024,2025",3,5894,1910,0.2819,0.2594,0.3031,0.0437,0.001,-0.0103,0.0154,mixed_or_noisy
offense_consistency,l10_scored4_rate_bucket,high_60_75,team_f5_runs_2plus,"2023,2024,2025",3,5894,1910,0.5942,0.5843,0.6103,0.026,0.011,0.0084,0.0158,mixed_or_noisy
offense_consistency,l10_scored4_rate_bucket,high_60_75,team_post5_runs_2plus,"2023,2024,2025",3,5894,1910,0.484,0.4771,0.491,0.0139,0.003,-0.0045,0.0137,mixed_or_noisy
offense_consistency,l10_scored4_rate_bucket,high_60_75,team_runs_4plus,"2023,2024,2025",3,5894,1910,0.566,0.5539,0.576,0.0221,0.0081,0.0015,0.0188,mixed_or_noisy
offense_consistency,l10_scored4_rate_bucket,high_60_75,team_runs_5plus,"2023,2024,2025",3,5894,1910,0.4444,0.4332,0.4587,0.0255,0.0129,0.0058,0.0248,mixed_or_noisy
offense_consistency,l10_scored4_rate_bucket,high_60_75,team_trailed_early_1to3,"2023,2024,2025",3,5894,1910,0.4819,0.4719,0.4969,0.025,-0.0062,-0.0121,0.0042,mixed_or_noisy
offense_consistency,l10_scored4_rate_bucket,high_60_75,team_won,"2023,2024,2025",3,5894,1910,0.5091,0.5044,0.5147,0.0103,0.0097,0.0064,0.0147,mixed_or_noisy
offense_consistency,l10_scored5_rate_bucket,below_avg_30_45,f5_total_4plus,"2023,2024,2025",3,5847,1799,0.6195,0.5963,0.6337,0.0374,-0.0064,-0.0248,0.006,mixed_or_noisy
offense_consistency,l10_scored5_rate_bucket,below_avg_30_45,f5_total_5plus,"2023,2024,2025",3,5847,1799,0.5036,0.4789,0.5336,0.0547,-0.0028,-0.0168,0.0057,mixed_or_noisy
offense_consistency,l10_scored5_rate_bucket,below_avg_30_45,game_total_10plus,"2023,2024,2025",3,5847,1799,0.3929,0.3675,0.4125,0.045,-0.0062,-0.0132,0.0077,mixed_or_noisy
offense_consistency,l10_scored5_rate_bucket,below_avg_30_45,game_total_9plus,"2023,2024,2025",3,5847,1799,0.4907,0.4756,0.5064,0.0308,-0.0077,-0.0173,0.0049,mixed_or_noisy
offense_consistency,l10_scored5_rate_bucket,below_avg_30_45,opponent_blew_early_small_lead,"2023,2024,2025",3,5847,1799,0.2761,0.2617,0.2837,0.022,-0.0048,-0.008,-0.0024,mixed_or_noisy
offense_consistency,l10_scored5_rate_bucket,below_avg_30_45,opponent_runs_4plus,"2023,2024,2025",3,5847,1799,0.5502,0.5304,0.5798,0.0494,-0.0077,-0.0196,0.0053,mixed_or_noisy
offense_consistency,l10_scored5_rate_bucket,below_avg_30_45,opponent_runs_5plus,"2023,2024,2025",3,5847,1799,0.4214,0.4005,0.4558,0.0553,-0.0102,-0.0247,0.0029,mixed_or_noisy
offense_consistency,l10_scored5_rate_bucket,below_avg_30_45,team_early_deficit_scored_next2,"2023,2024,2025",3,5847,1799,0.3209,0.3072,0.3363,0.0291,-0.0039,-0.0088,0.0047,mixed_or_noisy
offense_consistency,l10_scored5_rate_bucket,below_avg_30_45,team_early_deficit_tied_or_led_later,"2023,2024,2025",3,5847,1799,0.2761,0.2617,0.2837,0.022,-0.0048,-0.008,-0.0024,mixed_or_noisy
offense_consistency,l10_scored5_rate_bucket,below_avg_30_45,team_f5_runs_2plus,"2023,2024,2025",3,5847,1799,0.5801,0.561,0.5898,0.0288,-0.003,-0.0185,0.0141,mixed_or_noisy
offense_consistency,l10_scored5_rate_bucket,below_avg_30_45,team_post5_runs_2plus,"2023,2024,2025",3,5847,1799,0.4827,0.4702,0.5003,0.0301,0.0017,0.0001,0.0048,mixed_or_noisy
offense_consistency,l10_scored5_rate_bucket,below_avg_30_45,team_runs_4plus,"2023,2024,2025",3,5847,1799,0.5552,0.5397,0.5675,0.0278,-0.0027,-0.0103,0.0091,mixed_or_noisy
offense_consistency,l10_scored5_rate_bucket,below_avg_30_45,team_runs_5plus,"2023,2024,2025",3,5847,1799,0.4245,0.4125,0.4369,0.0244,-0.007,-0.016,0.0076,mixed_or_noisy
offense_consistency,l10_scored5_rate_bucket,below_avg_30_45,team_trailed_early_1to3,"2023,2024,2025",3,5847,1799,0.4874,0.4756,0.4958,0.0202,-0.0007,-0.007,0.0069,mixed_or_noisy
offense_consistency,l10_scored5_rate_bucket,below_avg_30_45,team_won,"2023,2024,2025",3,5847,1799,0.4964,0.4931,0.5012,0.0081,-0.0029,-0.0069,0.0032,mixed_or_noisy
opponent_vulnerability,opponent_l10_allowed4_rate_bucket,high_60_75,f5_total_4plus,"2023,2024,2025",3,5731,1844,0.6272,0.6201,0.6312,0.0111,0.0013,-0.0038,0.0086,mixed_or_noisy
opponent_vulnerability,opponent_l10_allowed4_rate_bucket,high_60_75,f5_total_5plus,"2023,2024,2025",3,5731,1844,0.5117,0.5043,0.5261,0.0218,0.0053,-0.0049,0.0118,mixed_or_noisy
opponent_vulnerability,opponent_l10_allowed4_rate_bucket,high_60_75,game_total_10plus,"2023,2024,2025",3,5731,1844,0.4028,0.381,0.4327,0.0517,0.0037,0.0005,0.007,mixed_or_noisy
opponent_vulnerability,opponent_l10_allowed4_rate_bucket,high_60_75,game_total_9plus,"2023,2024,2025",3,5731,1844,0.5056,0.4861,0.533,0.0469,0.0072,-0.0002,0.0125,mixed_or_noisy
opponent_vulnerability,opponent_l10_allowed4_rate_bucket,high_60_75,opponent_blew_early_small_lead,"2023,2024,2025",3,5731,1844,0.274,0.2668,0.2792,0.0124,-0.0069,-0.0117,-0.0029,mixed_or_noisy
opponent_vulnerability,opponent_l10_allowed4_rate_bucket,high_60_75,opponent_runs_4plus,"2023,2024,2025",3,5731,1844,0.559,0.5502,0.5634,0.0132,0.001,-0.0112,0.0141,mixed_or_noisy
opponent_vulnerability,opponent_l10_allowed4_rate_bucket,high_60_75,opponent_runs_5plus,"2023,2024,2025",3,5731,1844,0.4317,0.4136,0.4481,0.0345,0.0001,-0.0116,0.0167,mixed_or_noisy
opponent_vulnerability,opponent_l10_allowed4_rate_bucket,high_60_75,team_early_deficit_scored_next2,"2023,2024,2025",3,5731,1844,0.3186,0.3095,0.3264,0.0169,-0.0061,-0.0079,-0.0052,mixed_or_noisy
opponent_vulnerability,opponent_l10_allowed4_rate_bucket,high_60_75,team_early_deficit_tied_or_led_later,"2023,2024,2025",3,5731,1844,0.274,0.2668,0.2792,0.0124,-0.0069,-0.0117,-0.0029,mixed_or_noisy
opponent_vulnerability,opponent_l10_allowed4_rate_bucket,high_60_75,team_f5_runs_2plus,"2023,2024,2025",3,5731,1844,0.5918,0.5835,0.6016,0.0181,0.0086,0.0071,0.0107,mixed_or_noisy
opponent_vulnerability,opponent_l10_allowed4_rate_bucket,high_60_75,team_post5_runs_2plus,"2023,2024,2025",3,5731,1844,0.4856,0.4685,0.5132,0.0447,0.0046,-0.0088,0.0177,mixed_or_noisy
opponent_vulnerability,opponent_l10_allowed4_rate_bucket,high_60_75,team_runs_4plus,"2023,2024,2025",3,5731,1844,0.5697,0.5523,0.5956,0.0433,0.0118,0.0023,0.0211,mixed_or_noisy
opponent_vulnerability,opponent_l10_allowed4_rate_bucket,high_60_75,team_runs_5plus,"2023,2024,2025",3,5731,1844,0.4478,0.4328,0.4665,0.0337,0.0162,0.0136,0.0188,mixed_or_noisy
opponent_vulnerability,opponent_l10_allowed4_rate_bucket,high_60_75,team_trailed_early_1to3,"2023,2024,2025",3,5731,1844,0.4828,0.4771,0.494,0.0169,-0.0052,-0.0115,0.0013,mixed_or_noisy
opponent_vulnerability,opponent_l10_allowed4_rate_bucket,high_60_75,team_won,"2023,2024,2025",3,5731,1844,0.509,0.5038,0.5147,0.0109,0.0097,0.0038,0.0147,mixed_or_noisy
starter_quality,opponent_starter_ra9_bucket,excellent_lt_3_5,f5_total_4plus,"2023,2024,2025",3,5141,1528,0.6124,0.5831,0.6374,0.0543,-0.0136,-0.0395,0.0032,mixed_or_noisy
starter_quality,opponent_starter_ra9_bucket,excellent_lt_3_5,f5_total_5plus,"2023,2024,2025",3,5141,1528,0.4944,0.4543,0.538,0.0837,-0.012,-0.0382,0.007,mixed_or_noisy
starter_quality,opponent_starter_ra9_bucket,excellent_lt_3_5,game_total_10plus,"2023,2024,2025",3,5141,1528,0.3864,0.3649,0.4247,0.0598,-0.0127,-0.0215,-0.001,mixed_or_noisy
starter_quality,opponent_starter_ra9_bucket,excellent_lt_3_5,game_total_9plus,"2023,2024,2025",3,5141,1528,0.4825,0.4582,0.5229,0.0647,-0.016,-0.0271,-0.0008,mixed_or_noisy
starter_quality,opponent_starter_ra9_bucket,excellent_lt_3_5,opponent_blew_early_small_lead,"2023,2024,2025",3,5141,1528,0.2811,0.2585,0.2937,0.0352,0.0002,-0.0112,0.006,mixed_or_noisy
starter_quality,opponent_starter_ra9_bucket,excellent_lt_3_5,opponent_runs_4plus,"2023,2024,2025",3,5141,1528,0.5606,0.5418,0.5857,0.0439,0.0027,-0.0075,0.0112,mixed_or_noisy
starter_quality,opponent_starter_ra9_bucket,excellent_lt_3_5,opponent_runs_5plus,"2023,2024,2025",3,5141,1528,0.4344,0.4081,0.4594,0.0513,0.0028,-0.0085,0.0105,mixed_or_noisy
starter_quality,opponent_starter_ra9_bucket,excellent_lt_3_5,team_early_deficit_scored_next2,"2023,2024,2025",3,5141,1528,0.3254,0.312,0.339,0.027,0.0006,-0.0028,0.0074,mixed_or_noisy
starter_quality,opponent_starter_ra9_bucket,excellent_lt_3_5,team_early_deficit_tied_or_led_later,"2023,2024,2025",3,5141,1528,0.2811,0.2585,0.2937,0.0352,0.0002,-0.0112,0.006,mixed_or_noisy
starter_quality,opponent_starter_ra9_bucket,excellent_lt_3_5,team_f5_runs_2plus,"2023,2024,2025",3,5141,1528,0.5593,0.5297,0.591,0.0613,-0.0239,-0.0457,-0.0035,mixed_or_noisy
starter_quality,opponent_starter_ra9_bucket,excellent_lt_3_5,team_post5_runs_2plus,"2023,2024,2025",3,5141,1528,0.4773,0.4613,0.4954,0.0341,-0.0037,-0.016,0.0051,mixed_or_noisy
starter_quality,opponent_starter_ra9_bucket,excellent_lt_3_5,team_runs_4plus,"2023,2024,2025",3,5141,1528,0.5392,0.527,0.5609,0.0339,-0.0187,-0.0223,-0.0136,mixed_or_noisy
starter_quality,opponent_starter_ra9_bucket,excellent_lt_3_5,team_runs_5plus,"2023,2024,2025",3,5141,1528,0.4139,0.3966,0.4411,0.0445,-0.0177,-0.0213,-0.0118,mixed_or_noisy
starter_quality,opponent_starter_ra9_bucket,excellent_lt_3_5,team_trailed_early_1to3,"2023,2024,2025",3,5141,1528,0.4995,0.4942,0.5022,0.008,0.0114,0.0095,0.0131,mixed_or_noisy
starter_quality,opponent_starter_ra9_bucket,excellent_lt_3_5,team_won,"2023,2024,2025",3,5141,1528,0.4904,0.4808,0.4993,0.0185,-0.0089,-0.0172,-0.0007,mixed_or_noisy
team_quality,opponent_strength_bucket,50_55,f5_total_4plus,"2023,2024,2025",3,5038,1490,0.6107,0.5879,0.6259,0.038,-0.0152,-0.0332,-0.0042,mixed_or_noisy
team_quality,opponent_strength_bucket,50_55,f5_total_5plus,"2023,2024,2025",3,5038,1490,0.4929,0.4631,0.5207,0.0576,-0.0135,-0.0326,0.0025,mixed_or_noisy
team_quality,opponent_strength_bucket,50_55,game_total_10plus,"2023,2024,2025",3,5038,1490,0.3896,0.3725,0.4195,0.047,-0.0095,-0.0144,-0.0062,mixed_or_noisy
team_quality,opponent_strength_bucket,50_55,game_total_9plus,"2023,2024,2025",3,5038,1490,0.4924,0.4805,0.5121,0.0316,-0.0061,-0.0116,-0.0008,mixed_or_noisy
team_quality,opponent_strength_bucket,50_55,opponent_blew_early_small_lead,"2023,2024,2025",3,5038,1490,0.2769,0.2577,0.2976,0.0399,-0.004,-0.012,0.0099,mixed_or_noisy
team_quality,opponent_strength_bucket,50_55,opponent_runs_4plus,"2023,2024,2025",3,5038,1490,0.5709,0.5584,0.5845,0.0261,0.0129,0.0084,0.0204,mixed_or_noisy
team_quality,opponent_strength_bucket,50_55,opponent_runs_5plus,"2023,2024,2025",3,5038,1490,0.4468,0.4369,0.4644,0.0275,0.0153,0.0115,0.0226,mixed_or_noisy
team_quality,opponent_strength_bucket,50_55,team_early_deficit_scored_next2,"2023,2024,2025",3,5038,1490,0.3199,0.3034,0.3407,0.0373,-0.0049,-0.0161,0.0128,mixed_or_noisy
team_quality,opponent_strength_bucket,50_55,team_early_deficit_tied_or_led_later,"2023,2024,2025",3,5038,1490,0.2769,0.2577,0.2976,0.0399,-0.004,-0.012,0.0099,mixed_or_noisy
team_quality,opponent_strength_bucket,50_55,team_f5_runs_2plus,"2023,2024,2025",3,5038,1490,0.5638,0.5396,0.5977,0.0581,-0.0193,-0.0399,0.0032,mixed_or_noisy
team_quality,opponent_strength_bucket,50_55,team_post5_runs_2plus,"2023,2024,2025",3,5038,1490,0.4813,0.4747,0.4879,0.0132,0.0003,-0.0208,0.0111,mixed_or_noisy
team_quality,opponent_strength_bucket,50_55,team_runs_4plus,"2023,2024,2025",3,5038,1490,0.5376,0.5208,0.5489,0.0281,-0.0203,-0.0292,-0.0062,mixed_or_noisy
team_quality,opponent_strength_bucket,50_55,team_runs_5plus,"2023,2024,2025",3,5038,1490,0.4026,0.3927,0.419,0.0263,-0.029,-0.0339,-0.0239,mixed_or_noisy
team_quality,opponent_strength_bucket,50_55,team_trailed_early_1to3,"2023,2024,2025",3,5038,1490,0.4937,0.481,0.5094,0.0284,0.0056,-0.0079,0.0167,mixed_or_noisy
team_quality,opponent_strength_bucket,50_55,team_won,"2023,2024,2025",3,5038,1490,0.4809,0.479,0.4833,0.0043,-0.0184,-0.021,-0.0167,mixed_or_noisy
team_quality,team_strength_bucket,50_55,f5_total_4plus,"2023,2024,2025",3,5038,1490,0.6107,0.5879,0.6259,0.038,-0.0152,-0.0332,-0.0042,mixed_or_noisy
team_quality,team_strength_bucket,50_55,f5_total_5plus,"2023,2024,2025",3,5038,1490,0.4929,0.4631,0.5207,0.0576,-0.0135,-0.0326,0.0025,mixed_or_noisy
team_quality,team_strength_bucket,50_55,game_total_10plus,"2023,2024,2025",3,5038,1490,0.3896,0.3725,0.4195,0.047,-0.0095,-0.0144,-0.0062,mixed_or_noisy
team_quality,team_strength_bucket,50_55,game_total_9plus,"2023,2024,2025",3,5038,1490,0.4924,0.4805,0.5121,0.0316,-0.0061,-0.0116,-0.0008,mixed_or_noisy
team_quality,team_strength_bucket,50_55,opponent_blew_early_small_lead,"2023,2024,2025",3,5038,1490,0.2836,0.2537,0.3034,0.0497,0.0027,-0.016,0.0181,mixed_or_noisy
team_quality,team_strength_bucket,50_55,opponent_runs_4plus,"2023,2024,2025",3,5038,1490,0.5376,0.5208,0.5489,0.0281,-0.0203,-0.0292,-0.0062,mixed_or_noisy
team_quality,team_strength_bucket,50_55,opponent_runs_5plus,"2023,2024,2025",3,5038,1490,0.4026,0.3927,0.419,0.0263,-0.029,-0.0339,-0.0239,mixed_or_noisy
