candidate_id,candidate_type,original_label,replayed_tuning_pass_1_label,process_grade,game_id,derivative_type,market_ticker,selected_team,line_value,side,inning,outs,runners,score_away,score_home,entry_yes_bid,entry_yes_ask,entry_mid,entry_spread,market_mismatch_score,baseball_support_score,execution_quality_score,risk_blocker_score,overall_watch_score,baseline_source,first_discovery_inflation_flag,good_entry_label,paper_status,proposed_side,entry_price_cents,settlement_result,paper_net_pnl_cents,outcome_explanation,delta_mid_next_300s,market_reaction_grade,would_be_watch_after_pass1,active_rally_flag,market_nearly_settled_flag,wide_spread_flag,contract_direction
797,trailing_team_total_lag_watch,watch,observe,bad_process,NYM@CIN,team_total,KXMLBTEAMTOTAL-26JUN151910NYMCIN-NYM6,NYM,,YES,1,2,,0,3,28,29,28,1,100.0,50.0,100.0,0.0,85.0,first_discovery,1,strong_value,paper_closed,YES,29,loss,-29,,0,neutral,0,False,False,False,team_total_over_yes
798,trailing_team_total_lag_watch,watch,observe,bad_process,NYM@CIN,team_total,KXMLBTEAMTOTAL-26JUN151910NYMCIN-NYM6,NYM,,YES,2,0,,0,3,28,29,28,1,100.0,50.0,100.0,0.0,85.0,first_discovery,1,strong_value,paper_closed,YES,29,loss,-29,,0,neutral,0,False,False,False,team_total_over_yes
799,trailing_team_total_lag_watch,blocked,blocked,sound_process,MIA@PHI,team_total,KXMLBTEAMTOTAL-26JUN151840MIAPHI-MIA2,MIA,,YES,3,2,1-3,0,3,75,77,76,2,4.0,50.0,100.0,0.0,56.2,first_discovery,1,not_evaluable,blocked_observation,YES,,unknown,,,0,neutral,0,True,False,False,team_total_over_yes
800,trailing_team_total_lag_watch,watch,observe,bad_process,MIA@PHI,team_total,KXMLBTEAMTOTAL-26JUN151840MIAPHI-MIA2,MIA,,YES,3,3,,0,3,75,77,76,2,4.0,50.0,100.0,0.0,56.2,first_discovery,1,not_evaluable,blocked_observation,YES,,unknown,,,0,neutral,0,False,False,False,team_total_over_yes
801,trailing_team_total_lag_watch,watch,observe,bad_process,MIA@PHI,team_total,KXMLBTEAMTOTAL-26JUN151840MIAPHI-MIA2,MIA,,YES,4,0,,0,3,75,77,76,2,4.0,50.0,100.0,0.0,56.2,first_discovery,1,not_evaluable,blocked_observation,YES,,unknown,,,0,neutral,0,False,False,False,team_total_over_yes
802,trailing_team_total_lag_watch,watch,observe,bad_process,NYM@CIN,team_total,KXMLBTEAMTOTAL-26JUN151910NYMCIN-NYM6,NYM,,YES,2,0,,0,3,28,29,28,1,100.0,50.0,100.0,0.0,85.0,first_discovery,1,strong_value,paper_closed,YES,29,loss,-29,,0,neutral,0,False,False,False,team_total_over_yes
803,trailing_team_total_lag_watch,blocked,blocked,questionable_process,NYM@CIN,team_total,KXMLBTEAMTOTAL-26JUN151910NYMCIN-NYM6,NYM,,YES,2,0,1--,0,3,28,29,28,1,100.0,50.0,100.0,0.0,85.0,first_discovery,1,strong_value,paper_closed,YES,29,loss,-29,,0,neutral,0,True,False,False,team_total_over_yes
804,trailing_team_total_lag_watch,blocked,blocked,sound_process,MIA@PHI,team_total,KXMLBTEAMTOTAL-26JUN151840MIAPHI-MIA2,MIA,,YES,4,0,1--,0,3,75,77,76,2,4.0,50.0,100.0,0.0,56.2,first_discovery,1,not_evaluable,blocked_observation,YES,,unknown,,,0,neutral,0,True,False,False,team_total_over_yes
805,trailing_team_total_lag_watch,blocked,blocked,questionable_process,NYM@CIN,team_total,KXMLBTEAMTOTAL-26JUN151910NYMCIN-NYM6,NYM,,YES,2,1,123,0,4,28,29,28,1,100.0,50.0,100.0,0.0,85.0,first_discovery,1,strong_value,paper_closed,YES,29,loss,-29,,0,neutral,0,True,False,False,team_total_over_yes
806,trailing_team_total_lag_watch,blocked,blocked,questionable_process,NYM@CIN,team_total,KXMLBTEAMTOTAL-26JUN151910NYMCIN-NYM6,NYM,,YES,2,1,123,0,5,28,29,28,1,100.0,50.0,100.0,0.0,85.0,first_discovery,1,strong_value,paper_closed,YES,29,loss,-29,,0,neutral,0,True,False,False,team_total_over_yes
807,trailing_team_total_lag_watch,watch,observe,bad_process,MIA@PHI,team_total,KXMLBTEAMTOTAL-26JUN151840MIAPHI-MIA2,MIA,,YES,4,0,,0,3,75,77,76,2,4.0,50.0,100.0,0.0,56.2,first_discovery,1,not_evaluable,blocked_observation,YES,,unknown,,,0,neutral,0,False,False,False,team_total_over_yes
808,trailing_team_total_lag_watch,watch,suppress,bad_process,NYM@CIN,team_total,KXMLBTEAMTOTAL-26JUN151910NYMCIN-NYM6,NYM,,YES,2,2,,0,9,28,29,28,1,100.0,50.0,100.0,0.0,85.0,first_discovery,1,strong_value,paper_closed,YES,29,loss,-29,,0,neutral,0,False,False,False,team_total_over_yes
809,trailing_team_total_lag_watch,watch,observe,bad_process,MIA@PHI,team_total,KXMLBTEAMTOTAL-26JUN151840MIAPHI-MIA2,MIA,,YES,5,0,,0,3,75,77,76,2,4.0,50.0,100.0,0.0,56.2,first_discovery,1,not_evaluable,blocked_observation,YES,,unknown,,,0,neutral,0,False,False,False,team_total_over_yes
810,trailing_team_total_lag_watch,watch,suppress,bad_process,NYM@CIN,team_total,KXMLBTEAMTOTAL-26JUN151910NYMCIN-NYM6,NYM,,YES,3,0,,0,9,28,29,28,1,100.0,50.0,100.0,0.0,85.0,first_discovery,1,strong_value,paper_closed,YES,29,loss,-29,,0,neutral,0,False,False,False,team_total_over_yes
811,trailing_team_total_lag_watch,blocked,blocked,sound_process,MIA@PHI,team_total,KXMLBTEAMTOTAL-26JUN151840MIAPHI-MIA2,MIA,,YES,5,1,-2-,0,3,75,77,76,2,4.0,50.0,100.0,0.0,56.2,first_discovery,1,not_evaluable,blocked_observation,YES,,unknown,,,0,neutral,0,True,False,False,team_total_over_yes
812,trailing_team_total_lag_watch,watch,suppress,bad_process,NYM@CIN,team_total,KXMLBTEAMTOTAL-26JUN151910NYMCIN-NYM6,NYM,,YES,3,0,,0,9,28,29,28,1,100.0,50.0,100.0,0.0,85.0,first_discovery,1,strong_value,paper_closed,YES,29,loss,-29,,0,neutral,0,False,False,False,team_total_over_yes
813,trailing_team_total_lag_watch,blocked,blocked,questionable_process,NYM@CIN,team_total,KXMLBTEAMTOTAL-26JUN151910NYMCIN-NYM6,NYM,,YES,3,0,1--,0,9,28,29,28,1,100.0,50.0,100.0,0.0,85.0,first_discovery,1,strong_value,paper_closed,YES,29,loss,-29,,0,neutral,0,True,False,False,team_total_over_yes
814,trailing_team_total_lag_watch,watch,observe,bad_process,MIA@PHI,team_total,KXMLBTEAMTOTAL-26JUN151840MIAPHI-MIA2,MIA,,YES,5,1,,0,3,75,77,76,2,4.0,50.0,100.0,0.0,56.2,first_discovery,1,not_evaluable,blocked_observation,YES,,unknown,,,0,neutral,0,False,False,False,team_total_over_yes
815,trailing_team_total_lag_watch,blocked,blocked,sound_process,MIA@PHI,team_total,KXMLBTEAMTOTAL-26JUN151840MIAPHI-MIA2,MIA,,YES,5,1,1--,0,3,75,77,76,2,4.0,50.0,100.0,0.0,56.2,first_discovery,1,not_evaluable,blocked_observation,YES,,unknown,,,0,neutral,0,True,False,False,team_total_over_yes
816,trailing_team_total_lag_watch,watch,suppress,bad_process,MIA@PHI,team_total,KXMLBTEAMTOTAL-26JUN151840MIAPHI-MIA2,MIA,,YES,5,1,,0,5,75,77,76,2,4.0,25.0,100.0,30.0,44.2,first_discovery,1,not_evaluable,blocked_observation,YES,,unknown,,,0,neutral,0,False,False,False,team_total_over_yes
817,trailing_team_total_lag_watch,blocked,blocked,sound_process,MIA@PHI,team_total,KXMLBTEAMTOTAL-26JUN151840MIAPHI-MIA2,MIA,,YES,5,2,1--,0,5,75,77,76,2,4.0,25.0,100.0,30.0,44.2,first_discovery,1,not_evaluable,blocked_observation,YES,,unknown,,,0,neutral,0,True,False,False,team_total_over_yes
818,trailing_team_total_lag_watch,watch,observe,bad_process,MIN@TEX,team_total,KXMLBTEAMTOTAL-26JUN152005MINTEX-TEX4,TEX,,YES,1,2,,3,0,58,59,58,1,10.0,55.0,100.0,0.0,59.5,first_discovery,1,possible_value,paper_closed,YES,58,loss,-58,,0,neutral,0,False,False,False,team_total_over_yes
819,trailing_team_total_lag_watch,blocked,blocked,questionable_process,NYM@CIN,team_total,KXMLBTEAMTOTAL-26JUN151910NYMCIN-NYM6,NYM,,YES,4,0,-2-,0,9,28,29,28,1,100.0,50.0,100.0,0.0,85.0,first_discovery,1,strong_value,paper_closed,YES,29,loss,-29,,0,neutral,0,True,False,False,team_total_over_yes
820,trailing_team_total_lag_watch,watch,suppress,bad_process,MIA@PHI,team_total,KXMLBTEAMTOTAL-26JUN151840MIAPHI-MIA2,MIA,,YES,6,0,,0,5,75,77,76,2,4.0,25.0,100.0,30.0,44.2,first_discovery,1,not_evaluable,blocked_observation,YES,,unknown,,,0,neutral,0,False,False,False,team_total_over_yes
821,trailing_team_total_lag_watch,blocked,blocked,sound_process,MIN@TEX,team_total,KXMLBTEAMTOTAL-26JUN152005MINTEX-TEX4,TEX,,YES,1,0,1--,3,0,58,59,58,1,10.0,55.0,100.0,0.0,59.5,first_discovery,1,possible_value,paper_closed,YES,58,loss,-58,,0,neutral,0,True,False,False,team_total_over_yes
822,trailing_team_total_lag_watch,watch,observe,bad_process,MIN@TEX,team_total,KXMLBTEAMTOTAL-26JUN152005MINTEX-TEX4,TEX,,YES,1,3,,3,0,58,59,58,1,10.0,55.0,100.0,0.0,59.5,first_discovery,1,possible_value,paper_closed,YES,58,loss,-58,,0,neutral,0,False,False,False,team_total_over_yes
823,trailing_team_total_lag_watch,watch,suppress,bad_process,MIA@PHI,team_total,KXMLBTEAMTOTAL-26JUN151840MIAPHI-MIA2,MIA,,YES,6,0,,0,5,75,77,76,2,4.0,25.0,100.0,30.0,44.2,first_discovery,1,not_evaluable,blocked_observation,YES,,unknown,,,0,neutral,0,False,False,False,team_total_over_yes
824,trailing_team_total_lag_watch,watch,observe,bad_process,MIN@TEX,team_total,KXMLBTEAMTOTAL-26JUN152005MINTEX-TEX6,TEX,,YES,1,3,,3,0,27,32,29,5,100.0,55.0,70.0,0.0,79.0,first_discovery,1,strong_value,paper_closed,YES,34,loss,-34,,0,neutral,0,False,False,False,team_total_over_yes
825,trailing_team_total_lag_watch,watch,suppress,bad_process,MIA@PHI,team_total,KXMLBTEAMTOTAL-26JUN151840MIAPHI-MIA3,MIA,,YES,6,1,,0,5,13,21,17,8,100.0,25.0,40.0,30.0,58.0,first_discovery,1,possible_value,paper_closed,YES,57,loss,-57,,0,neutral,0,False,False,False,team_total_over_yes
826,trailing_team_total_lag_watch,blocked,blocked,questionable_process,NYM@CIN,team_total,KXMLBTEAMTOTAL-26JUN151910NYMCIN-NYM8,NYM,,YES,4,1,123,0,9,7,63,35,56,92.0,50.0,0.0,15.0,55.3,first_discovery,1,not_evaluable,blocked_observation,YES,,unknown,,,0,neutral,0,True,False,True,team_total_over_yes
827,trailing_team_total_lag_watch,watch,observe,bad_process,MIN@TEX,team_total,KXMLBTEAMTOTAL-26JUN152005MINTEX-TEX6,TEX,,YES,2,1,,3,0,27,32,29,5,100.0,55.0,70.0,0.0,79.0,first_discovery,1,strong_value,paper_closed,YES,34,loss,-34,,0,neutral,0,False,False,False,team_total_over_yes
828,trailing_team_total_lag_watch,blocked,blocked,questionable_process,MIA@PHI,team_total,KXMLBTEAMTOTAL-26JUN151840MIAPHI-MIA3,MIA,,YES,6,1,1--,0,5,13,21,17,8,100.0,25.0,40.0,30.0,58.0,first_discovery,1,possible_value,paper_closed,YES,57,loss,-57,,0,neutral,0,True,False,False,team_total_over_yes
829,trailing_team_total_lag_watch,watch,observe,bad_process,MIN@TEX,team_total,KXMLBTEAMTOTAL-26JUN152005MINTEX-TEX6,TEX,,YES,2,0,,3,0,27,32,29,5,100.0,55.0,70.0,0.0,79.0,first_discovery,1,strong_value,paper_closed,YES,34,loss,-34,,0,neutral,0,False,False,False,team_total_over_yes
830,trailing_team_total_lag_watch,blocked,blocked,questionable_process,NYM@CIN,team_total,KXMLBTEAMTOTAL-26JUN151910NYMCIN-NYM8,NYM,,YES,4,0,,0,9,7,63,35,56,92.0,50.0,0.0,15.0,55.3,first_discovery,1,not_evaluable,blocked_observation,YES,,unknown,,,0,neutral,0,False,False,True,team_total_over_yes
831,trailing_team_total_lag_watch,blocked,blocked,questionable_process,SD@STL,team_total,KXMLBTEAMTOTAL-26JUN151945SDSTL-SD2,SD,,YES,4,2,-2-,0,2,55,59,57,4,100.0,50.0,80.0,0.0,80.0,first_discovery,1,not_evaluable,blocked_observation,YES,,unknown,,,0,neutral,0,True,False,False,team_total_over_yes
832,trailing_team_total_lag_watch,blocked,blocked,questionable_process,NYM@CIN,team_total,KXMLBTEAMTOTAL-26JUN151910NYMCIN-NYM8,NYM,,YES,5,0,,0,9,7,63,35,56,92.0,50.0,0.0,15.0,55.3,first_discovery,1,not_evaluable,blocked_observation,YES,,unknown,,,0,neutral,0,False,False,True,team_total_over_yes
833,trailing_team_total_lag_watch,watch,observe,bad_process,MIN@TEX,team_total,KXMLBTEAMTOTAL-26JUN152005MINTEX-TEX6,TEX,,YES,3,0,,3,0,27,32,29,5,100.0,55.0,70.0,0.0,79.0,first_discovery,1,strong_value,paper_closed,YES,34,loss,-34,,0,neutral,0,False,False,False,team_total_over_yes
834,trailing_team_total_lag_watch,watch,observe,bad_process,SD@STL,team_total,KXMLBTEAMTOTAL-26JUN151945SDSTL-SD2,SD,,YES,4,3,,0,2,55,59,57,4,100.0,50.0,80.0,0.0,80.0,first_discovery,1,not_evaluable,blocked_observation,YES,,unknown,,,0,neutral,0,False,False,False,team_total_over_yes
835,trailing_team_total_lag_watch,watch,observe,bad_process,SD@STL,team_total,KXMLBTEAMTOTAL-26JUN151945SDSTL-SD2,SD,,YES,5,0,,0,2,55,59,57,4,100.0,50.0,80.0,0.0,80.0,first_discovery,1,not_evaluable,blocked_observation,YES,,unknown,,,0,neutral,0,False,False,False,team_total_over_yes
836,trailing_team_total_lag_watch,watch,observe,bad_process,DET@HOU,team_total,KXMLBTEAMTOTAL-26JUN152010DETHOU-HOU7,HOU,,YES,2,2,,2,0,19,25,22,6,12.0,48.0,60.0,0.0,48.0,first_discovery,1,possible_value,paper_open,YES,24,unknown,,,0,neutral,0,False,False,False,team_total_over_yes
837,trailing_team_total_lag_watch,watch,observe,bad_process,MIN@TEX,team_total,KXMLBTEAMTOTAL-26JUN152005MINTEX-TEX6,TEX,,YES,3,0,,3,0,27,32,29,5,100.0,55.0,70.0,0.0,79.0,first_discovery,1,strong_value,paper_closed,YES,34,loss,-34,,0,neutral,0,False,False,False,team_total_over_yes
838,trailing_team_total_lag_watch,watch,observe,bad_process,DET@HOU,team_total,KXMLBTEAMTOTAL-26JUN152010DETHOU-HOU7,HOU,,YES,2,0,,2,0,19,25,22,6,12.0,48.0,60.0,0.0,48.0,first_discovery,1,possible_value,paper_open,YES,24,unknown,,,0,neutral,0,False,False,False,team_total_over_yes
839,trailing_team_total_lag_watch,blocked,blocked,questionable_process,MIN@TEX,team_total,KXMLBTEAMTOTAL-26JUN152005MINTEX-TEX6,TEX,,YES,3,1,1--,3,0,27,32,29,5,100.0,55.0,70.0,0.0,79.0,first_discovery,1,strong_value,paper_closed,YES,34,loss,-34,,0,neutral,0,True,False,False,team_total_over_yes
840,f5_total_overreaction_fade_watch,watch,blocked,bad_process,MIN@TEX,f5_total,KXMLBF5TOTAL-26JUN152005MINTEX-1,,1.0,NO,3,1,,3,2,99,100,99,1,100.0,21.0,100.0,30.0,71.8,first_discovery,1,possible_value,paper_closed,NO,9,loss,-9,,0,neutral,0,False,True,False,f5_over_yes
841,trailing_team_total_lag_watch,watch,observe,bad_process,SD@STL,team_total,KXMLBTEAMTOTAL-26JUN151945SDSTL-SD2,SD,,YES,5,0,,0,2,55,59,57,4,100.0,50.0,80.0,0.0,80.0,first_discovery,1,not_evaluable,blocked_observation,YES,,unknown,,,0,neutral,0,False,False,False,team_total_over_yes
842,trailing_team_total_lag_watch,blocked,blocked,questionable_process,SD@STL,team_total,KXMLBTEAMTOTAL-26JUN151945SDSTL-SD2,SD,,YES,5,0,1--,0,2,55,59,57,4,100.0,50.0,80.0,0.0,80.0,first_discovery,1,not_evaluable,blocked_observation,YES,,unknown,,,0,neutral,0,True,False,False,team_total_over_yes
843,trailing_team_total_lag_watch,blocked,blocked,sound_process,DET@HOU,team_total,KXMLBTEAMTOTAL-26JUN152010DETHOU-HOU7,HOU,,YES,2,1,-2-,2,0,19,25,22,6,12.0,48.0,60.0,0.0,48.0,first_discovery,1,possible_value,paper_open,YES,24,unknown,,,0,neutral,0,True,False,False,team_total_over_yes
844,trailing_team_total_lag_watch,blocked,blocked,questionable_process,NYM@CIN,team_total,KXMLBTEAMTOTAL-26JUN151910NYMCIN-NYM8,NYM,,YES,5,0,,0,9,7,63,35,56,92.0,50.0,0.0,15.0,55.3,first_discovery,1,not_evaluable,blocked_observation,YES,,unknown,,,0,neutral,0,False,False,True,team_total_over_yes
845,f5_total_overreaction_fade_watch,watch,blocked,bad_process,MIN@TEX,f5_total,KXMLBF5TOTAL-26JUN152005MINTEX-1,,1.0,NO,4,0,,3,2,99,100,99,1,100.0,21.0,100.0,30.0,71.8,first_discovery,1,possible_value,paper_closed,NO,9,loss,-9,,0,neutral,0,False,True,False,f5_over_yes
846,trailing_team_total_lag_watch,blocked,blocked,questionable_process,SD@STL,team_total,KXMLBTEAMTOTAL-26JUN151945SDSTL-SD2,SD,,YES,5,2,-2-,0,3,55,59,57,4,100.0,50.0,80.0,0.0,80.0,first_discovery,1,not_evaluable,blocked_observation,YES,,unknown,,,0,neutral,0,True,False,False,team_total_over_yes
847,trailing_team_total_lag_watch,watch,observe,bad_process,DET@HOU,team_total,KXMLBTEAMTOTAL-26JUN152010DETHOU-HOU7,HOU,,YES,3,0,,2,0,19,25,22,6,12.0,48.0,60.0,0.0,48.0,first_discovery,1,possible_value,paper_open,YES,24,unknown,,,0,neutral,0,False,False,False,team_total_over_yes
848,trailing_team_total_lag_watch,watch,observe,bad_process,SD@STL,team_total,KXMLBTEAMTOTAL-26JUN151945SDSTL-SD2,SD,,YES,5,3,,0,3,55,59,57,4,100.0,50.0,80.0,0.0,80.0,first_discovery,1,not_evaluable,blocked_observation,YES,,unknown,,,0,neutral,0,False,False,False,team_total_over_yes
849,trailing_team_total_lag_watch,blocked,blocked,questionable_process,NYM@CIN,team_total,KXMLBTEAMTOTAL-26JUN151910NYMCIN-NYM8,NYM,,YES,6,0,,0,9,7,63,35,56,92.0,50.0,0.0,15.0,55.3,first_discovery,1,not_evaluable,blocked_observation,YES,,unknown,,,0,neutral,0,False,False,True,team_total_over_yes
850,trailing_team_total_lag_watch,watch,observe,bad_process,SD@STL,team_total,KXMLBTEAMTOTAL-26JUN151945SDSTL-SD2,SD,,YES,6,0,,0,3,55,59,57,4,100.0,50.0,80.0,0.0,80.0,first_discovery,1,not_evaluable,blocked_observation,YES,,unknown,,,0,neutral,0,False,False,False,team_total_over_yes
851,trailing_team_total_lag_watch,blocked,blocked,sound_process,DET@HOU,team_total,KXMLBTEAMTOTAL-26JUN152010DETHOU-HOU7,HOU,,YES,3,1,1--,2,0,19,25,22,6,12.0,48.0,60.0,0.0,48.0,first_discovery,1,possible_value,paper_open,YES,24,unknown,,,0,neutral,0,True,False,False,team_total_over_yes
852,f5_total_overreaction_fade_watch,blocked,blocked,questionable_process,MIN@TEX,f5_total,KXMLBF5TOTAL-26JUN152005MINTEX-1,,1.0,NO,4,0,,3,2,99,100,99,1,100.0,21.0,100.0,30.0,71.8,first_discovery,1,possible_value,paper_closed,NO,9,loss,-9,,0,neutral,0,False,True,False,f5_over_yes
853,trailing_team_total_lag_watch,watch,observe,bad_process,DET@HOU,team_total,KXMLBTEAMTOTAL-26JUN152010DETHOU-HOU7,HOU,,YES,3,2,,4,0,19,25,22,6,12.0,48.0,60.0,0.0,48.0,first_discovery,1,possible_value,paper_open,YES,24,unknown,,,0,neutral,0,False,False,False,team_total_over_yes
854,f5_total_overreaction_fade_watch,blocked,blocked,questionable_process,MIN@TEX,f5_total,KXMLBF5TOTAL-26JUN152005MINTEX-1,,1.0,NO,4,1,1--,3,2,99,100,99,1,100.0,21.0,100.0,30.0,71.8,first_discovery,1,possible_value,paper_closed,NO,9,loss,-9,,0,neutral,0,True,True,False,f5_over_yes
855,trailing_team_total_lag_watch,watch,observe,bad_process,DET@HOU,team_total,KXMLBTEAMTOTAL-26JUN152010DETHOU-HOU7,HOU,,YES,3,2,,5,0,19,25,22,6,12.0,48.0,60.0,0.0,48.0,first_discovery,1,possible_value,paper_open,YES,24,unknown,,,0,neutral,0,False,False,False,team_total_over_yes
856,trailing_team_total_lag_watch,blocked,blocked,questionable_process,NYM@CIN,team_total,KXMLBTEAMTOTAL-26JUN151910NYMCIN-NYM8,NYM,,YES,6,0,,0,9,7,63,35,56,92.0,50.0,0.0,15.0,55.3,first_discovery,1,not_evaluable,blocked_observation,YES,,unknown,,,0,neutral,0,False,False,True,team_total_over_yes
857,trailing_team_total_lag_watch,watch,observe,bad_process,SD@STL,team_total,KXMLBTEAMTOTAL-26JUN151945SDSTL-SD2,SD,,YES,6,0,,0,3,55,59,57,4,100.0,50.0,80.0,0.0,80.0,first_discovery,1,not_evaluable,blocked_observation,YES,,unknown,,,0,neutral,0,False,False,False,team_total_over_yes
858,trailing_team_total_lag_watch,watch,observe,bad_process,DET@HOU,team_total,KXMLBTEAMTOTAL-26JUN152010DETHOU-HOU7,HOU,,YES,3,0,,5,0,19,25,22,6,12.0,48.0,60.0,0.0,48.0,first_discovery,1,possible_value,paper_open,YES,24,unknown,,,0,neutral,0,False,False,False,team_total_over_yes
859,full_game_total_extreme_reprice_watch,watch,watch,questionable_process,MIN@TEX,fg_total,KXMLBTOTAL-26JUN152005MINTEX-8,,8.0,NO,5,0,,3,2,73,74,73,1,70.0,22.0,100.0,30.0,63.1,first_discovery,1,possible_value,paper_closed,NO,45,win,52,,0,neutral,1,False,False,False,over_yes
860,trailing_team_total_lag_watch,watch,observe,bad_process,SD@STL,team_total,KXMLBTEAMTOTAL-26JUN151945SDSTL-SD2,SD,,YES,6,0,,0,3,31,36,33,5,100.0,50.0,70.0,0.0,77.5,first_discovery,1,not_evaluable,blocked_observation,YES,,unknown,,,0,neutral,0,False,False,False,team_total_over_yes
861,full_game_total_extreme_reprice_watch,blocked,blocked,questionable_process,MIA@PHI,fg_total,KXMLBTOTAL-26JUN151840MIAPHI-6,,6.0,NO,8,0,1--,0,5,88,89,88,1,58.0,27.0,100.0,30.0,61.0,first_discovery,1,not_evaluable,blocked_observation,NO,,unknown,,,0,neutral,0,True,False,False,over_yes
862,trailing_team_total_lag_watch,watch,observe,bad_process,DET@HOU,team_total,KXMLBTEAMTOTAL-26JUN152010DETHOU-HOU2,HOU,,YES,3,0,,5,0,74,80,77,6,100.0,48.0,60.0,0.0,74.4,first_discovery,1,watch_only,paper_open,YES,87,unknown,,,0,neutral,0,False,False,False,team_total_over_yes
863,trailing_team_total_lag_watch,blocked,blocked,sound_process,NYM@CIN,team_total,KXMLBTEAMTOTAL-26JUN151910NYMCIN-NYM5,NYM,,YES,6,0,,0,9,9,63,36,54,20.0,50.0,0.0,15.0,33.8,first_discovery,1,not_evaluable,blocked_observation,YES,,unknown,,,0,neutral,0,False,False,True,team_total_over_yes
864,full_game_total_extreme_reprice_watch,blocked,blocked,questionable_process,MIN@TEX,fg_total,KXMLBTOTAL-26JUN152005MINTEX-8,,8.0,NO,5,1,1--,3,2,73,74,73,1,70.0,22.0,100.0,30.0,63.1,first_discovery,1,possible_value,paper_closed,NO,45,win,52,,0,neutral,0,True,False,False,over_yes
865,trailing_team_total_lag_watch,blocked,blocked,questionable_process,SD@STL,team_total,KXMLBTEAMTOTAL-26JUN151945SDSTL-SD2,SD,,YES,6,0,1--,0,3,31,36,33,5,100.0,50.0,70.0,0.0,77.5,first_discovery,1,not_evaluable,blocked_observation,YES,,unknown,,,0,neutral,0,True,False,False,team_total_over_yes
866,full_game_total_extreme_reprice_watch,blocked,blocked,questionable_process,MIA@PHI,fg_total,KXMLBTOTAL-26JUN151840MIAPHI-6,,6.0,NO,8,1,1-3,0,6,88,89,88,1,58.0,27.0,100.0,30.0,61.0,first_discovery,1,not_evaluable,blocked_observation,NO,,unknown,,,0,neutral,0,True,False,False,over_yes
867,full_game_total_extreme_reprice_watch,blocked,blocked,questionable_process,MIA@PHI,fg_total,KXMLBTOTAL-26JUN151840MIAPHI-6,,6.0,NO,8,2,1--,0,7,88,89,88,1,58.0,27.0,100.0,30.0,61.0,first_discovery,1,not_evaluable,blocked_observation,NO,,unknown,,,0,neutral,0,True,False,False,over_yes
868,trailing_team_total_lag_watch,blocked,blocked,questionable_process,DET@HOU,team_total,KXMLBTEAMTOTAL-26JUN152010DETHOU-HOU2,HOU,,YES,3,2,1--,5,0,74,80,77,6,100.0,48.0,60.0,0.0,74.4,first_discovery,1,watch_only,paper_open,YES,87,unknown,,,0,neutral,0,True,False,False,team_total_over_yes
869,full_game_total_extreme_reprice_watch,watch,watch,questionable_process,MIN@TEX,fg_total,KXMLBTOTAL-26JUN152005MINTEX-8,,8.0,NO,5,0,,3,2,73,74,73,1,70.0,22.0,100.0,30.0,63.1,first_discovery,1,possible_value,paper_closed,NO,45,win,52,,0,neutral,1,False,False,False,over_yes
870,full_game_total_extreme_reprice_watch,blocked,blocked,questionable_process,MIA@PHI,fg_total,KXMLBTOTAL-26JUN151840MIAPHI-6,,6.0,NO,8,3,,0,7,88,89,88,1,58.0,27.0,100.0,30.0,61.0,first_discovery,1,not_evaluable,blocked_observation,NO,,unknown,,,0,neutral,0,False,False,False,over_yes
871,full_game_total_extreme_reprice_watch,blocked,blocked,questionable_process,MIA@PHI,fg_total,KXMLBTOTAL-26JUN151840MIAPHI-6,,6.0,NO,9,0,,0,7,88,89,88,1,58.0,27.0,100.0,30.0,61.0,first_discovery,1,not_evaluable,blocked_observation,NO,,unknown,,,0,neutral,0,False,False,False,over_yes
872,trailing_team_total_lag_watch,watch,observe,bad_process,DET@HOU,team_total,KXMLBTEAMTOTAL-26JUN152010DETHOU-HOU2,HOU,,YES,3,2,,5,2,74,80,77,6,100.0,48.0,60.0,0.0,74.4,first_discovery,1,watch_only,paper_open,YES,87,unknown,,,0,neutral,0,False,False,False,team_total_over_yes
873,full_game_total_extreme_reprice_watch,blocked,blocked,questionable_process,MIN@TEX,fg_total,KXMLBTOTAL-26JUN152005MINTEX-8,,8.0,NO,5,1,1--,3,2,73,74,73,1,70.0,22.0,100.0,30.0,63.1,first_discovery,1,possible_value,paper_closed,NO,45,win,52,,0,neutral,0,True,False,False,over_yes
874,full_game_total_extreme_reprice_watch,watch,watch,questionable_process,DET@HOU,fg_total,KXMLBTOTAL-26JUN152010DETHOU-7,,7.0,NO,3,2,,5,3,94,96,95,2,88.0,25.0,100.0,30.0,69.4,first_discovery,1,possible_value,paper_open,NO,28,unknown,,,0,neutral,1,False,True,False,over_yes
875,f5_total_overreaction_fade_watch,watch,blocked,bad_process,DET@HOU,f5_total,KXMLBF5TOTAL-26JUN152010DETHOU-1,,1.0,NO,3,2,,5,3,99,100,99,1,18.0,21.0,100.0,30.0,47.2,first_discovery,1,possible_value,paper_open,NO,6,unknown,,,0,neutral,0,False,True,False,f5_over_yes
876,trailing_team_total_lag_watch,watch,suppress,bad_process,DET@HOU,team_total,KXMLBTEAMTOTAL-26JUN152010DETHOU-HOU2,HOU,,YES,3,2,,5,3,74,80,77,6,100.0,23.0,60.0,30.0,62.4,first_discovery,1,watch_only,paper_open,YES,87,unknown,,,0,neutral,0,False,False,False,team_total_over_yes
877,full_game_total_extreme_reprice_watch,blocked,blocked,questionable_process,MIA@PHI,fg_total,KXMLBTOTAL-26JUN151840MIAPHI-6,,6.0,NO,9,0,1--,0,7,88,89,88,1,58.0,27.0,100.0,30.0,61.0,first_discovery,1,not_evaluable,blocked_observation,NO,,unknown,,,0,neutral,0,True,False,False,over_yes
878,full_game_total_extreme_reprice_watch,watch,watch,questionable_process,DET@HOU,fg_total,KXMLBTOTAL-26JUN152010DETHOU-7,,7.0,NO,4,0,,5,3,94,96,95,2,88.0,25.0,100.0,30.0,69.4,first_discovery,1,possible_value,paper_open,NO,28,unknown,,,0,neutral,1,False,True,False,over_yes
879,f5_total_overreaction_fade_watch,watch,blocked,bad_process,DET@HOU,f5_total,KXMLBF5TOTAL-26JUN152010DETHOU-1,,1.0,NO,4,0,,5,3,99,100,99,1,18.0,21.0,100.0,30.0,47.2,first_discovery,1,possible_value,paper_open,NO,6,unknown,,,0,neutral,0,False,True,False,f5_over_yes
880,trailing_team_total_lag_watch,watch,suppress,bad_process,DET@HOU,team_total,KXMLBTEAMTOTAL-26JUN152010DETHOU-HOU2,HOU,,YES,4,0,,5,3,74,80,77,6,100.0,23.0,60.0,30.0,62.4,first_discovery,1,watch_only,paper_open,YES,87,unknown,,,0,neutral,0,False,False,False,team_total_over_yes
881,full_game_total_extreme_reprice_watch,blocked,blocked,questionable_process,DET@HOU,fg_total,KXMLBTOTAL-26JUN152010DETHOU-7,,7.0,NO,4,1,1--,5,3,94,96,95,2,88.0,25.0,100.0,30.0,69.4,first_discovery,1,possible_value,paper_open,NO,28,unknown,,,0,neutral,0,True,True,False,over_yes
882,f5_total_overreaction_fade_watch,blocked,blocked,sound_process,DET@HOU,f5_total,KXMLBF5TOTAL-26JUN152010DETHOU-1,,1.0,NO,4,1,1--,5,3,99,100,99,1,18.0,21.0,100.0,30.0,47.2,first_discovery,1,possible_value,paper_open,NO,6,unknown,,,0,neutral,0,True,True,False,f5_over_yes
883,trailing_team_total_lag_watch,blocked,blocked,questionable_process,DET@HOU,team_total,KXMLBTEAMTOTAL-26JUN152010DETHOU-HOU2,HOU,,YES,4,1,1--,5,3,74,80,77,6,100.0,23.0,60.0,30.0,62.4,first_discovery,1,watch_only,paper_open,YES,87,unknown,,,0,neutral,0,True,False,False,team_total_over_yes
884,full_game_total_extreme_reprice_watch,watch,watch,questionable_process,MIN@TEX,fg_total,KXMLBTOTAL-26JUN152005MINTEX-8,,8.0,NO,6,0,,4,2,73,74,73,1,70.0,22.0,100.0,30.0,63.1,first_discovery,1,possible_value,paper_closed,NO,45,win,52,,0,neutral,1,False,False,False,over_yes
885,trailing_team_total_lag_watch,watch,suppress,bad_process,MIN@TEX,team_total,KXMLBTEAMTOTAL-26JUN152005MINTEX-TEX2,TEX,,YES,6,0,,4,2,99,100,99,1,100.0,30.0,100.0,30.0,74.5,first_discovery,1,watch_only,paper_closed,YES,88,push,0,,0,neutral,0,False,True,False,team_total_over_yes
886,full_game_total_extreme_reprice_watch,watch,watch,questionable_process,DET@HOU,fg_total,KXMLBTOTAL-26JUN152010DETHOU-7,,7.0,NO,4,0,,5,3,94,96,95,2,88.0,25.0,100.0,30.0,69.4,first_discovery,1,possible_value,paper_open,NO,28,unknown,,,0,neutral,1,False,True,False,over_yes
887,f5_total_overreaction_fade_watch,blocked,blocked,sound_process,DET@HOU,f5_total,KXMLBF5TOTAL-26JUN152010DETHOU-1,,1.0,NO,4,0,,5,3,99,100,99,1,18.0,21.0,100.0,30.0,47.2,first_discovery,1,possible_value,paper_open,NO,6,unknown,,,0,neutral,0,False,True,False,f5_over_yes
888,trailing_team_total_lag_watch,watch,suppress,bad_process,DET@HOU,team_total,KXMLBTEAMTOTAL-26JUN152010DETHOU-HOU2,HOU,,YES,4,0,,5,3,74,80,77,6,100.0,23.0,60.0,30.0,62.4,first_discovery,1,watch_only,paper_open,YES,87,unknown,,,0,neutral,0,False,False,False,team_total_over_yes
889,full_game_total_extreme_reprice_watch,watch,watch,questionable_process,MIN@TEX,fg_total,KXMLBTOTAL-26JUN152005MINTEX-8,,8.0,NO,6,0,,4,2,73,74,73,1,70.0,22.0,100.0,30.0,63.1,first_discovery,1,possible_value,paper_closed,NO,45,win,52,,0,neutral,1,False,False,False,over_yes
890,trailing_team_total_lag_watch,watch,suppress,bad_process,MIN@TEX,team_total,KXMLBTEAMTOTAL-26JUN152005MINTEX-TEX2,TEX,,YES,6,0,,4,2,99,100,99,1,100.0,30.0,100.0,30.0,74.5,first_discovery,1,watch_only,paper_closed,YES,88,push,0,,0,neutral,0,False,True,False,team_total_over_yes
891,full_game_total_extreme_reprice_watch,watch,watch,questionable_process,DET@HOU,fg_total,KXMLBTOTAL-26JUN152010DETHOU-7,,7.0,NO,5,0,,5,3,94,96,95,2,88.0,25.0,100.0,30.0,69.4,first_discovery,1,possible_value,paper_open,NO,28,unknown,,,0,neutral,1,False,True,False,over_yes
892,trailing_team_total_lag_watch,watch,suppress,bad_process,DET@HOU,team_total,KXMLBTEAMTOTAL-26JUN152010DETHOU-HOU2,HOU,,YES,5,0,,5,3,74,80,77,6,100.0,23.0,60.0,30.0,62.4,first_discovery,1,watch_only,paper_open,YES,87,unknown,,,0,neutral,0,False,False,False,team_total_over_yes
893,full_game_total_extreme_reprice_watch,blocked,blocked,questionable_process,DET@HOU,fg_total,KXMLBTOTAL-26JUN152010DETHOU-7,,7.0,NO,5,0,--3,5,3,94,96,95,2,88.0,25.0,100.0,30.0,69.4,first_discovery,1,possible_value,paper_open,NO,28,unknown,,,0,neutral,0,True,True,False,over_yes
894,trailing_team_total_lag_watch,blocked,blocked,questionable_process,DET@HOU,team_total,KXMLBTEAMTOTAL-26JUN152010DETHOU-HOU2,HOU,,YES,5,0,--3,5,3,74,80,77,6,100.0,23.0,60.0,30.0,62.4,first_discovery,1,watch_only,paper_open,YES,87,unknown,,,0,neutral,0,True,False,False,team_total_over_yes
895,full_game_total_extreme_reprice_watch,watch,watch,questionable_process,MIN@TEX,fg_total,KXMLBTOTAL-26JUN152005MINTEX-8,,8.0,NO,7,0,,4,2,73,74,73,1,70.0,22.0,100.0,30.0,63.1,first_discovery,1,possible_value,paper_closed,NO,45,win,52,,0,neutral,1,False,False,False,over_yes
896,full_game_total_extreme_reprice_watch,blocked,blocked,questionable_process,DET@HOU,fg_total,KXMLBTOTAL-26JUN152010DETHOU-7,,7.0,NO,5,1,-2-,6,3,94,96,95,2,88.0,25.0,100.0,30.0,69.4,first_discovery,1,possible_value,paper_open,NO,28,unknown,,,0,neutral,0,True,True,False,over_yes
897,trailing_team_total_lag_watch,blocked,blocked,questionable_process,DET@HOU,team_total,KXMLBTEAMTOTAL-26JUN152010DETHOU-HOU2,HOU,,YES,5,1,-2-,6,3,74,80,77,6,100.0,23.0,60.0,30.0,62.4,first_discovery,1,watch_only,paper_open,YES,87,unknown,,,0,neutral,0,True,False,False,team_total_over_yes
898,full_game_total_extreme_reprice_watch,watch,watch,questionable_process,DET@HOU,fg_total,KXMLBTOTAL-26JUN152010DETHOU-7,,7.0,NO,5,3,,6,3,94,96,95,2,88.0,25.0,100.0,30.0,69.4,first_discovery,1,possible_value,paper_open,NO,28,unknown,,,0,neutral,1,False,True,False,over_yes
899,trailing_team_total_lag_watch,watch,suppress,bad_process,DET@HOU,team_total,KXMLBTEAMTOTAL-26JUN152010DETHOU-HOU2,HOU,,YES,5,3,,6,3,74,80,77,6,100.0,23.0,60.0,30.0,62.4,first_discovery,1,watch_only,paper_open,YES,87,unknown,,,0,neutral,0,False,False,False,team_total_over_yes
900,full_game_total_extreme_reprice_watch,watch,watch,questionable_process,MIN@TEX,fg_total,KXMLBTOTAL-26JUN152005MINTEX-8,,8.0,NO,7,0,,4,2,73,74,73,1,70.0,22.0,100.0,30.0,63.1,first_discovery,1,possible_value,paper_closed,NO,45,win,52,,0,neutral,1,False,False,False,over_yes
901,full_game_total_extreme_reprice_watch,watch,watch,questionable_process,DET@HOU,fg_total,KXMLBTOTAL-26JUN152010DETHOU-7,,7.0,NO,5,0,,6,3,94,96,95,2,88.0,25.0,100.0,30.0,69.4,first_discovery,1,possible_value,paper_open,NO,28,unknown,,,0,neutral,1,False,True,False,over_yes
902,trailing_team_total_lag_watch,watch,suppress,bad_process,DET@HOU,team_total,KXMLBTEAMTOTAL-26JUN152010DETHOU-HOU2,HOU,,YES,5,0,,6,3,74,80,77,6,100.0,23.0,60.0,30.0,62.4,first_discovery,1,watch_only,paper_open,YES,87,unknown,,,0,neutral,0,False,False,False,team_total_over_yes
903,full_game_total_extreme_reprice_watch,blocked,blocked,questionable_process,MIN@TEX,fg_total,KXMLBTOTAL-26JUN152005MINTEX-8,,8.0,NO,8,0,,4,2,73,74,73,1,70.0,22.0,100.0,30.0,63.1,first_discovery,1,possible_value,paper_closed,NO,45,win,52,,0,neutral,0,False,False,False,over_yes
904,full_game_total_extreme_reprice_watch,blocked,blocked,questionable_process,DET@HOU,fg_total,KXMLBTOTAL-26JUN152010DETHOU-7,,7.0,NO,5,1,-2-,6,3,94,96,95,2,88.0,25.0,100.0,30.0,69.4,first_discovery,1,possible_value,paper_open,NO,28,unknown,,,0,neutral,0,True,True,False,over_yes
905,trailing_team_total_lag_watch,blocked,blocked,questionable_process,DET@HOU,team_total,KXMLBTEAMTOTAL-26JUN152010DETHOU-HOU2,HOU,,YES,5,1,-2-,6,3,74,80,77,6,100.0,23.0,60.0,30.0,62.4,first_discovery,1,watch_only,paper_open,YES,87,unknown,,,0,neutral,0,True,False,False,team_total_over_yes
906,full_game_total_extreme_reprice_watch,blocked,blocked,questionable_process,MIN@TEX,fg_total,KXMLBTOTAL-26JUN152005MINTEX-8,,8.0,NO,8,1,,4,2,73,74,73,1,70.0,22.0,100.0,30.0,63.1,first_discovery,1,possible_value,paper_closed,NO,45,win,52,,0,neutral,0,False,False,False,over_yes
907,full_game_total_extreme_reprice_watch,blocked,blocked,questionable_process,MIN@TEX,fg_total,KXMLBTOTAL-26JUN152005MINTEX-8,,8.0,NO,8,2,1--,4,2,73,74,73,1,70.0,22.0,100.0,30.0,63.1,first_discovery,1,possible_value,paper_closed,NO,45,win,52,,0,neutral,0,True,False,False,over_yes
908,full_game_total_extreme_reprice_watch,watch,watch,questionable_process,DET@HOU,fg_total,KXMLBTOTAL-26JUN152010DETHOU-7,,7.0,NO,6,0,,6,3,94,96,95,2,88.0,25.0,100.0,30.0,69.4,first_discovery,1,possible_value,paper_open,NO,28,unknown,,,0,neutral,1,False,True,False,over_yes
909,trailing_team_total_lag_watch,watch,suppress,bad_process,DET@HOU,team_total,KXMLBTEAMTOTAL-26JUN152010DETHOU-HOU2,HOU,,YES,6,0,,6,3,74,80,77,6,100.0,23.0,60.0,30.0,62.4,first_discovery,1,watch_only,paper_open,YES,87,unknown,,,0,neutral,0,False,False,False,team_total_over_yes
910,full_game_total_extreme_reprice_watch,blocked,blocked,questionable_process,DET@HOU,fg_total,KXMLBTOTAL-26JUN152010DETHOU-7,,7.0,NO,6,0,1--,6,3,94,96,95,2,88.0,25.0,100.0,30.0,69.4,first_discovery,1,possible_value,paper_open,NO,28,unknown,,,0,neutral,0,True,True,False,over_yes
911,trailing_team_total_lag_watch,blocked,blocked,questionable_process,DET@HOU,team_total,KXMLBTEAMTOTAL-26JUN152010DETHOU-HOU2,HOU,,YES,6,0,1--,6,3,74,80,77,6,100.0,23.0,60.0,30.0,62.4,first_discovery,1,watch_only,paper_open,YES,87,unknown,,,0,neutral,0,True,False,False,team_total_over_yes
912,full_game_total_extreme_reprice_watch,blocked,blocked,questionable_process,MIN@TEX,fg_total,KXMLBTOTAL-26JUN152005MINTEX-8,,8.0,NO,9,0,,4,2,73,74,73,1,70.0,22.0,100.0,30.0,63.1,first_discovery,1,possible_value,paper_closed,NO,45,win,52,,0,neutral,0,False,False,False,over_yes
913,full_game_total_extreme_reprice_watch,watch,watch,questionable_process,DET@HOU,fg_total,KXMLBTOTAL-26JUN152010DETHOU-7,,7.0,NO,6,0,,6,3,94,96,95,2,88.0,25.0,100.0,30.0,69.4,first_discovery,1,possible_value,paper_open,NO,28,unknown,,,0,neutral,1,False,True,False,over_yes
914,trailing_team_total_lag_watch,watch,suppress,bad_process,DET@HOU,team_total,KXMLBTEAMTOTAL-26JUN152010DETHOU-HOU2,HOU,,YES,6,0,,6,3,74,80,77,6,100.0,23.0,60.0,30.0,62.4,first_discovery,1,watch_only,paper_open,YES,87,unknown,,,0,neutral,0,False,False,False,team_total_over_yes
915,full_game_total_extreme_reprice_watch,blocked,blocked,questionable_process,MIN@TEX,fg_total,KXMLBTOTAL-26JUN152005MINTEX-8,,8.0,NO,9,0,,4,2,73,74,73,1,70.0,22.0,100.0,30.0,63.1,first_discovery,1,possible_value,paper_closed,NO,45,win,52,,0,neutral,0,False,False,False,over_yes
916,trailing_team_total_lag_watch,watch,observe,bad_process,TB@LAD,team_total,KXMLBTEAMTOTAL-26JUN152210TBLAD-LAD6,LAD,,YES,1,2,,2,0,43,45,44,2,8.0,55.0,100.0,0.0,58.9,first_discovery,1,possible_value,paper_open,YES,42,unknown,,,0,neutral,0,False,False,False,team_total_over_yes
917,trailing_team_total_lag_watch,watch,observe,bad_process,PIT@ATH,team_total,KXMLBTEAMTOTAL-26JUN152140PITATH-PIT3,PIT,3.0,YES,2,1,,0,3,77,79,78,2,100.0,55.0,100.0,0.0,86.5,first_discovery,1,possible_value,paper_open,YES,79,unknown,,,0,neutral,0,False,False,False,team_total_over_yes
918,full_game_total_extreme_reprice_watch,watch,watch,questionable_process,DET@HOU,fg_total,KXMLBTOTAL-26JUN152010DETHOU-7,,7.0,NO,7,0,,6,3,94,96,95,2,88.0,25.0,100.0,30.0,69.4,first_discovery,1,possible_value,paper_open,NO,28,unknown,,,0,neutral,1,False,True,False,over_yes
919,full_game_total_extreme_reprice_watch,blocked,blocked,questionable_process,DET@HOU,fg_total,KXMLBTOTAL-26JUN152010DETHOU-7,,7.0,NO,7,0,1--,6,3,94,96,95,2,88.0,25.0,100.0,30.0,69.4,first_discovery,1,possible_value,paper_open,NO,28,unknown,,,0,neutral,0,True,True,False,over_yes
920,trailing_team_total_lag_watch,watch,observe,bad_process,TB@LAD,team_total,KXMLBTEAMTOTAL-26JUN152210TBLAD-LAD6,LAD,,YES,1,0,,2,0,43,45,44,2,8.0,55.0,100.0,0.0,58.9,first_discovery,1,possible_value,paper_open,YES,42,unknown,,,0,neutral,0,False,False,False,team_total_over_yes
921,full_game_total_extreme_reprice_watch,watch,watch,questionable_process,DET@HOU,fg_total,KXMLBTOTAL-26JUN152010DETHOU-7,,7.0,NO,7,0,,8,3,94,96,95,2,88.0,25.0,100.0,30.0,69.4,first_discovery,1,possible_value,paper_open,NO,28,unknown,,,0,neutral,1,False,True,False,over_yes
922,trailing_team_total_lag_watch,watch,observe,bad_process,PIT@ATH,team_total,KXMLBTEAMTOTAL-26JUN152140PITATH-PIT3,PIT,3.0,YES,3,0,,0,3,77,79,78,2,100.0,55.0,100.0,0.0,86.5,first_discovery,1,possible_value,paper_open,YES,79,unknown,,,0,neutral,0,False,False,False,team_total_over_yes
923,full_game_total_extreme_reprice_watch,watch,watch,questionable_process,DET@HOU,fg_total,KXMLBTOTAL-26JUN152010DETHOU-7,,7.0,NO,7,0,,8,3,94,96,95,2,88.0,25.0,100.0,30.0,69.4,first_discovery,1,possible_value,paper_open,NO,28,unknown,,,0,neutral,1,False,True,False,over_yes
924,trailing_team_total_lag_watch,blocked,blocked,questionable_process,PIT@ATH,team_total,KXMLBTEAMTOTAL-26JUN152140PITATH-PIT3,PIT,3.0,YES,3,2,1--,0,3,77,79,78,2,100.0,55.0,100.0,0.0,86.5,first_discovery,1,possible_value,paper_open,YES,79,unknown,,,0,neutral,0,True,False,False,team_total_over_yes
925,trailing_team_total_lag_watch,watch,observe,bad_process,TB@LAD,team_total,KXMLBTEAMTOTAL-26JUN152210TBLAD-LAD6,LAD,,YES,2,0,,2,0,43,45,44,2,8.0,55.0,100.0,0.0,58.9,first_discovery,1,possible_value,paper_open,YES,42,unknown,,,0,neutral,0,False,False,False,team_total_over_yes
926,trailing_team_total_lag_watch,blocked,blocked,sound_process,TB@LAD,team_total,KXMLBTEAMTOTAL-26JUN152210TBLAD-LAD6,LAD,,YES,2,0,1--,2,0,43,45,44,2,8.0,55.0,100.0,0.0,58.9,first_discovery,1,possible_value,paper_open,YES,42,unknown,,,0,neutral,0,True,False,False,team_total_over_yes
927,full_game_total_extreme_reprice_watch,blocked,blocked,questionable_process,DET@HOU,fg_total,KXMLBTOTAL-26JUN152010DETHOU-7,,7.0,NO,7,1,1--,8,3,94,96,95,2,88.0,25.0,100.0,30.0,69.4,first_discovery,1,possible_value,paper_open,NO,28,unknown,,,0,neutral,0,True,True,False,over_yes
928,trailing_team_total_lag_watch,blocked,blocked,sound_process,TB@LAD,team_total,KXMLBTEAMTOTAL-26JUN152210TBLAD-LAD6,LAD,,YES,2,2,--3,3,0,43,45,44,2,8.0,55.0,100.0,0.0,58.9,first_discovery,1,possible_value,paper_open,YES,42,unknown,,,0,neutral,0,True,False,False,team_total_over_yes
929,trailing_team_total_lag_watch,watch,observe,bad_process,PIT@ATH,team_total,KXMLBTEAMTOTAL-26JUN152140PITATH-PIT3,PIT,3.0,YES,3,0,,0,3,77,79,78,2,100.0,55.0,100.0,0.0,86.5,first_discovery,1,possible_value,paper_open,YES,79,unknown,,,0,neutral,0,False,False,False,team_total_over_yes
930,trailing_team_total_lag_watch,watch,observe,bad_process,TB@LAD,team_total,KXMLBTEAMTOTAL-26JUN152210TBLAD-LAD6,LAD,,YES,2,3,,3,0,43,45,44,2,8.0,55.0,100.0,0.0,58.9,first_discovery,1,possible_value,paper_open,YES,42,unknown,,,0,neutral,0,False,False,False,team_total_over_yes
931,trailing_team_total_lag_watch,watch,observe,bad_process,TB@LAD,team_total,KXMLBTEAMTOTAL-26JUN152210TBLAD-LAD6,LAD,,YES,2,0,,3,0,43,45,44,2,8.0,55.0,100.0,0.0,58.9,first_discovery,1,possible_value,paper_open,YES,42,unknown,,,0,neutral,0,False,False,False,team_total_over_yes
932,trailing_team_total_lag_watch,blocked,blocked,sound_process,TB@LAD,team_total,KXMLBTEAMTOTAL-26JUN152210TBLAD-LAD6,LAD,,YES,2,0,-2-,3,0,43,45,44,2,8.0,55.0,100.0,0.0,58.9,first_discovery,1,possible_value,paper_open,YES,42,unknown,,,0,neutral,0,True,False,False,team_total_over_yes
933,full_game_total_extreme_reprice_watch,blocked,blocked,questionable_process,DET@HOU,fg_total,KXMLBTOTAL-26JUN152010DETHOU-7,,7.0,NO,8,0,,8,3,94,96,95,2,88.0,25.0,100.0,30.0,69.4,first_discovery,1,possible_value,paper_open,NO,28,unknown,,,0,neutral,0,False,True,False,over_yes
934,trailing_team_total_lag_watch,watch,observe,bad_process,PIT@ATH,team_total,KXMLBTEAMTOTAL-26JUN152140PITATH-PIT3,PIT,3.0,YES,4,0,,0,3,77,79,78,2,100.0,55.0,100.0,0.0,86.5,first_discovery,1,possible_value,paper_open,YES,79,unknown,,,0,neutral,0,False,False,False,team_total_over_yes
935,full_game_total_extreme_reprice_watch,blocked,blocked,questionable_process,DET@HOU,fg_total,KXMLBTOTAL-26JUN152010DETHOU-7,,7.0,NO,8,1,1--,8,3,94,96,95,2,88.0,25.0,100.0,30.0,69.4,first_discovery,1,possible_value,paper_open,NO,28,unknown,,,0,neutral,0,True,True,False,over_yes
936,trailing_team_total_lag_watch,blocked,blocked,questionable_process,PIT@ATH,team_total,KXMLBTEAMTOTAL-26JUN152140PITATH-PIT3,PIT,3.0,YES,4,0,1--,0,3,77,79,78,2,100.0,55.0,100.0,0.0,86.5,first_discovery,1,possible_value,paper_open,YES,79,unknown,,,0,neutral,0,True,False,False,team_total_over_yes
937,full_game_total_extreme_reprice_watch,blocked,blocked,questionable_process,DET@HOU,fg_total,KXMLBTOTAL-26JUN152010DETHOU-7,,7.0,NO,8,0,,8,3,94,96,95,2,88.0,25.0,100.0,30.0,69.4,first_discovery,1,possible_value,paper_open,NO,28,unknown,,,0,neutral,0,False,True,False,over_yes
938,full_game_total_extreme_reprice_watch,blocked,blocked,questionable_process,DET@HOU,fg_total,KXMLBTOTAL-26JUN152010DETHOU-7,,7.0,NO,8,0,1--,8,3,94,96,95,2,88.0,25.0,100.0,30.0,69.4,first_discovery,1,possible_value,paper_open,NO,28,unknown,,,0,neutral,0,True,True,False,over_yes
939,trailing_team_total_lag_watch,blocked,blocked,questionable_process,PIT@ATH,team_total,KXMLBTEAMTOTAL-26JUN152140PITATH-PIT3,PIT,3.0,YES,4,1,1-3,1,3,77,79,78,2,100.0,55.0,100.0,0.0,86.5,first_discovery,1,possible_value,paper_open,YES,79,unknown,,,0,neutral,0,True,False,False,team_total_over_yes
940,trailing_team_total_lag_watch,watch,observe,bad_process,PIT@ATH,team_total,KXMLBTEAMTOTAL-26JUN152140PITATH-PIT3,PIT,3.0,YES,4,3,,1,3,77,79,78,2,100.0,55.0,100.0,0.0,86.5,first_discovery,1,possible_value,paper_open,YES,79,unknown,,,0,neutral,0,False,False,False,team_total_over_yes
941,full_game_total_extreme_reprice_watch,blocked,blocked,questionable_process,DET@HOU,fg_total,KXMLBTOTAL-26JUN152010DETHOU-7,,7.0,NO,9,0,,8,3,94,96,95,2,88.0,25.0,100.0,30.0,69.4,first_discovery,1,possible_value,paper_open,NO,28,unknown,,,0,neutral,0,False,True,False,over_yes
942,trailing_team_total_lag_watch,blocked,blocked,questionable_process,PIT@ATH,team_total,KXMLBTEAMTOTAL-26JUN152140PITATH-PIT3,PIT,3.0,YES,4,0,1--,1,3,77,79,78,2,100.0,55.0,100.0,0.0,86.5,first_discovery,1,possible_value,paper_open,YES,79,unknown,,,0,neutral,0,True,False,False,team_total_over_yes
943,full_game_total_extreme_reprice_watch,blocked,blocked,questionable_process,DET@HOU,fg_total,KXMLBTOTAL-26JUN152010DETHOU-7,,7.0,NO,9,1,,9,3,94,96,95,2,88.0,25.0,100.0,30.0,69.4,first_discovery,1,possible_value,paper_open,NO,28,unknown,,,0,neutral,0,False,True,False,over_yes
944,trailing_team_total_lag_watch,watch,observe,bad_process,PIT@ATH,team_total,KXMLBTEAMTOTAL-26JUN152140PITATH-PIT3,PIT,3.0,YES,4,2,,1,5,77,79,78,2,100.0,55.0,100.0,0.0,86.5,first_discovery,1,possible_value,paper_open,YES,79,unknown,,,0,neutral,0,False,False,False,team_total_over_yes
945,trailing_team_total_lag_watch,blocked,blocked,questionable_process,PIT@ATH,team_total,KXMLBTEAMTOTAL-26JUN152140PITATH-PIT3,PIT,3.0,YES,4,2,1--,1,5,77,79,78,2,100.0,55.0,100.0,0.0,86.5,first_discovery,1,possible_value,paper_open,YES,79,unknown,,,0,neutral,0,True,False,False,team_total_over_yes
946,full_game_total_extreme_reprice_watch,blocked,blocked,questionable_process,DET@HOU,fg_total,KXMLBTOTAL-26JUN152010DETHOU-7,,7.0,NO,9,0,,9,3,94,96,95,2,88.0,25.0,100.0,30.0,69.4,first_discovery,1,possible_value,paper_open,NO,28,unknown,,,0,neutral,0,False,True,False,over_yes
947,trailing_team_total_lag_watch,watch,observe,bad_process,PIT@ATH,team_total,KXMLBTEAMTOTAL-26JUN152140PITATH-PIT3,PIT,3.0,YES,5,0,,1,5,77,79,78,2,100.0,55.0,100.0,0.0,86.5,first_discovery,1,possible_value,paper_open,YES,79,unknown,,,0,neutral,0,False,False,False,team_total_over_yes
948,trailing_team_total_lag_watch,watch,observe,bad_process,PIT@ATH,team_total,KXMLBTEAMTOTAL-26JUN152140PITATH-PIT3,PIT,3.0,YES,5,0,,1,5,77,79,78,2,100.0,55.0,100.0,0.0,86.5,first_discovery,1,possible_value,paper_open,YES,79,unknown,,,0,neutral,0,False,False,False,team_total_over_yes
949,trailing_team_total_lag_watch,blocked,blocked,questionable_process,PIT@ATH,team_total,KXMLBTEAMTOTAL-26JUN152140PITATH-PIT3,PIT,3.0,YES,5,0,1--,1,5,77,79,78,2,100.0,55.0,100.0,0.0,86.5,first_discovery,1,possible_value,paper_open,YES,79,unknown,,,0,neutral,0,True,False,False,team_total_over_yes
950,trailing_team_total_lag_watch,blocked,blocked,questionable_process,PIT@ATH,team_total,KXMLBTEAMTOTAL-26JUN152140PITATH-PIT3,PIT,3.0,YES,5,1,1-3,1,6,77,79,78,2,100.0,55.0,100.0,0.0,86.5,first_discovery,1,possible_value,paper_open,YES,79,unknown,,,0,neutral,0,True,False,False,team_total_over_yes
951,trailing_team_total_lag_watch,watch,observe,bad_process,PIT@ATH,team_total,KXMLBTEAMTOTAL-26JUN152140PITATH-PIT3,PIT,3.0,YES,5,3,,1,6,77,79,78,2,100.0,55.0,100.0,0.0,86.5,first_discovery,1,possible_value,paper_open,YES,79,unknown,,,0,neutral,0,False,False,False,team_total_over_yes
952,trailing_team_total_lag_watch,watch,observe,bad_process,PIT@ATH,team_total,KXMLBTEAMTOTAL-26JUN152140PITATH-PIT3,PIT,3.0,YES,6,0,,1,6,77,79,78,2,100.0,55.0,100.0,0.0,86.5,first_discovery,1,possible_value,paper_open,YES,79,unknown,,,0,neutral,0,False,False,False,team_total_over_yes
953,trailing_team_total_lag_watch,blocked,blocked,questionable_process,PIT@ATH,team_total,KXMLBTEAMTOTAL-26JUN152140PITATH-PIT3,PIT,3.0,YES,6,0,1--,1,6,77,79,78,2,100.0,55.0,100.0,0.0,86.5,first_discovery,1,possible_value,paper_open,YES,79,unknown,,,0,neutral,0,True,False,False,team_total_over_yes
954,trailing_team_total_lag_watch,watch,observe,bad_process,PIT@ATH,team_total,KXMLBTEAMTOTAL-26JUN152140PITATH-PIT3,PIT,3.0,YES,6,0,,1,6,77,79,78,2,100.0,55.0,100.0,0.0,86.5,first_discovery,1,possible_value,paper_open,YES,79,unknown,,,0,neutral,0,False,False,False,team_total_over_yes
955,trailing_team_total_lag_watch,blocked,blocked,questionable_process,PIT@ATH,team_total,KXMLBTEAMTOTAL-26JUN152140PITATH-PIT3,PIT,3.0,YES,6,1,1--,1,6,77,79,78,2,100.0,55.0,100.0,0.0,86.5,first_discovery,1,possible_value,paper_open,YES,79,unknown,,,0,neutral,0,True,False,False,team_total_over_yes
