avg_final_margin,avg_next_2_innings_opp_runs,avg_next_2_innings_team_runs,count,deficit_bucket,eventually_won_rate,gave_up_tie_or_lead_rate,held_to_win_rate,inning_bucket,lead_bucket,lead_cut_to_1_next_2_rate,lead_reduced_next_2_rate,note,offense_form_bucket,opponent_run_prevention_bucket,opponent_scored_next_1_inning_rate,opponent_scored_next_2_innings_rate,opponent_took_lead_later_rate,reduced_deficit_next_2_rate,scored_next_1_inning_rate,scored_next_2_innings_rate,source,team_strength_bucket,tied_or_led_later_rate,took_lead_later_rate,within_1_next_2_rate
,,,5928,,0.3311,,,early_1_3,,,,high_score_next_2_rebound,,,,,,,0.3974,0.5633,response_after_allowed_by_inning.csv,,,,
1.244,1.4,1.546,5257,,,0.6371,0.6173,early_1_3,up_1,0.9583,0.4392,leader_under_pressure,,,0.4141,0.5632,0.5106,,,,lead_protection_by_lead_inning.csv,,,,
-1.244,1.546,1.4,5257,down_1,0.3827,,,early_1_3,,,,high_tie_or_lead_rebound,,,,,,0.4392,0.4141,0.5632,comeback_by_deficit_inning.csv,,0.6371,0.5106,0.9583
0.918,0.877,0.796,4144,,,0.3313,0.7734,late_7_plus,up_1,0.9718,0.3313,lead_collapse_watch,,,0.3448,0.3924,0.2599,,,,lead_protection_by_lead_inning.csv,,,,
1.059,1.362,1.445,3577,,,0.5801,0.6472,f5_1_5,up_1,0.9723,0.4507,leader_under_pressure,,,0.4082,0.5639,0.4476,,,,lead_protection_by_lead_inning.csv,,,,
-1.059,1.445,1.362,3577,down_1,0.3528,,,f5_1_5,,,,high_tie_or_lead_rebound,,,,,,0.4507,0.4082,0.5639,comeback_by_deficit_inning.csv,,0.5801,0.4476,0.9723
2.078,1.467,1.491,2917,,,0.505,0.7011,early_1_3,up_2,0.4758,0.4758,leader_under_pressure,,,0.432,0.5883,0.3949,,,,lead_protection_by_lead_inning.csv,,,,
-2.078,1.491,1.467,2917,down_2,0.2989,,,early_1_3,,,,high_tie_or_lead_rebound,,,,,,0.4758,0.432,0.5883,comeback_by_deficit_inning.csv,,0.505,0.3949,0.4758
2.101,1.447,1.452,2652,,,0.4163,0.7534,f5_1_5,up_2,0.4729,0.4729,leader_under_pressure,,,0.4427,0.592,0.3126,,,,lead_protection_by_lead_inning.csv,,,,
-2.101,1.452,1.447,2652,down_2,0.2466,,,f5_1_5,,,,high_tie_or_lead_rebound,,,,,,0.4729,0.4427,0.592,comeback_by_deficit_inning.csv,,0.4163,0.3126,0.4729
1.506,1.318,1.59,1916,,,0.6242,0.632,early_1_3,up_1,0.9635,0.4217,leader_under_pressure,,,0.3967,0.547,0.5037,,,,lead_protection_by_lead_inning_team_strength.csv,50_55,,,
6.724,1.375,1.583,1901,,,0.0631,0.9605,f5_1_5,up_5_plus,0.0568,0.4477,leader_under_pressure,,,0.3924,0.5692,0.0489,,,,lead_protection_by_lead_inning.csv,,,,
-6.724,1.583,1.375,1901,down_5_plus,0.0395,,,f5_1_5,,,,high_score_next_2_rebound,,,,,,0.4477,0.3924,0.5692,comeback_by_deficit_inning.csv,,0.0631,0.0489,0.0568
-0.875,1.452,1.439,1900,down_1,0.4105,,,early_1_3,,,,high_tie_or_lead_rebound,,,,,,0.4579,0.4153,0.5674,comeback_by_deficit_inning_strength.csv,50_55,0.6695,0.5221,0.9605
3.07,1.318,1.455,1832,,,0.2735,0.8264,f5_1_5,up_3,0.2702,0.4481,leader_under_pressure,,,0.4099,0.5617,0.2047,,,,lead_protection_by_lead_inning.csv,,,,
-3.07,1.455,1.318,1832,down_3,0.1736,,,f5_1_5,,,,high_score_next_2_rebound,,,,,,0.4481,0.4099,0.5617,comeback_by_deficit_inning.csv,,0.2735,0.2047,0.2702
,,,1738,,0.3084,,,early_1_3,,,,high_score_next_2_rebound,45_50,,,,,,0.3999,0.5725,response_after_allowed_by_inning_offense.csv,,,,
2.845,1.49,1.544,1690,,,0.3657,0.774,early_1_3,up_3,0.2817,0.458,leader_under_pressure,,,0.4385,0.5964,0.2852,,,,lead_protection_by_lead_inning.csv,,,,
-2.845,1.544,1.49,1690,down_3,0.226,,,early_1_3,,,,high_score_next_2_rebound,,,,,,0.458,0.4385,0.5964,comeback_by_deficit_inning.csv,,0.3657,0.2852,0.2817
0.988,1.317,1.375,1639,,,0.5095,0.6705,middle_6,up_1,0.975,0.446,leader_under_pressure,,,0.3905,0.5503,0.4002,,,,lead_protection_by_lead_inning.csv,,,,
-0.988,1.375,1.317,1639,down_1,0.3295,,,middle_6,,,,high_tie_or_lead_rebound,,,,,,0.446,0.3905,0.5503,comeback_by_deficit_inning.csv,,0.5095,0.4002,0.975
,,,1567,,0.358,,,early_1_3,,,,high_score_next_2_rebound,50_55,,,,,,0.3995,0.5609,response_after_allowed_by_inning_offense.csv,,,,
-0.92,1.431,1.354,1521,down_1,0.4116,,,early_1_3,,,,high_tie_or_lead_rebound,,50_55,,,,0.4313,0.4109,0.5536,comeback_by_deficit_inning_opponent_run_prevention.csv,,0.6502,0.5352,0.9619
0.958,0.871,0.833,1471,,,0.329,0.777,late_7_plus,up_1,0.9667,0.329,lead_collapse_watch,,,0.3426,0.3916,0.2536,,,,lead_protection_by_lead_inning_team_strength.csv,50_55,,,
-1.425,1.654,1.389,1464,down_1,0.3641,,,early_1_3,,,,high_tie_or_lead_rebound,,45_50,,,,0.4201,0.377,0.556,comeback_by_deficit_inning_opponent_run_prevention.csv,,0.6332,0.487,0.9583
6.898,1.342,1.595,1330,,,0.0331,0.9805,middle_6,up_5_plus,0.0406,0.4549,leader_under_pressure,,,0.4113,0.5887,0.0241,,,,lead_protection_by_lead_inning.csv,,,,
-6.898,1.595,1.342,1330,down_5_plus,0.0195,,,middle_6,,,,high_score_next_2_rebound,,,,,,0.4549,0.4113,0.5887,comeback_by_deficit_inning.csv,,0.0331,0.0241,0.0406
-1.399,1.493,1.315,1297,down_1,0.3878,,,early_1_3,,,,high_tie_or_lead_rebound,,,,,,0.4179,0.4032,0.5482,comeback_by_deficit_inning_strength.csv,45_50,0.6307,0.5081,0.9584
-0.652,1.323,1.515,1249,down_1,0.4075,,,f5_1_5,,,,high_tie_or_lead_rebound,,,,,,0.4876,0.4347,0.6021,comeback_by_deficit_inning_strength.csv,50_55,0.6261,0.4868,0.9712
1.955,1.352,1.394,1240,,,0.3056,0.8016,middle_6,up_2,0.4323,0.4323,leader_under_pressure,,,0.3903,0.5379,0.2387,,,,lead_protection_by_lead_inning.csv,,,,
1.248,1.271,1.432,1234,,,0.5543,0.671,f5_1_5,up_1,0.9692,0.4206,leader_under_pressure,,,0.3744,0.5324,0.4165,,,,lead_protection_by_lead_inning_team_strength.csv,50_55,,,
1.059,1.365,1.447,1195,,,0.6477,0.6017,early_1_3,up_1,0.9506,0.4477,leader_under_pressure,,,0.4209,0.5665,0.5113,,,,lead_protection_by_lead_inning_team_strength.csv,45_50,,,
4.316,1.372,1.562,1143,,,0.1557,0.9029,f5_1_5,up_4,0.1382,0.4558,leader_under_pressure,,,0.4156,0.5608,0.112,,,,lead_protection_by_lead_inning.csv,,,,
-4.316,1.562,1.372,1143,down_4,0.0971,,,f5_1_5,,,,high_score_next_2_rebound,,,,,,0.4558,0.4156,0.5608,comeback_by_deficit_inning.csv,,0.1557,0.112,0.1382
,,,1066,,0.349,,,f5_1_5,,,,high_score_next_2_rebound,50_55,,,,,,0.3856,0.5572,response_after_allowed_by_inning_offense.csv,,,,
-1.03,1.342,1.413,1046,down_1,0.3566,,,f5_1_5,,,,high_tie_or_lead_rebound,,45_50,,,,0.4943,0.4455,0.6004,comeback_by_deficit_inning_opponent_run_prevention.csv,,0.6176,0.4474,0.9723
-0.871,1.371,1.348,1024,down_1,0.375,,,f5_1_5,,,,high_tie_or_lead_rebound,,50_55,,,,0.4434,0.3818,0.5449,comeback_by_deficit_inning_opponent_run_prevention.csv,,0.5879,0.4795,0.9766
-1.563,1.291,1.51,1007,down_2,0.3456,,,early_1_3,,,,high_tie_or_lead_rebound,,,,,,0.4846,0.3992,0.5869,comeback_by_deficit_inning_strength.csv,50_55,0.5084,0.4032,0.4846
2.998,1.344,1.457,981,,,0.1978,0.8695,middle_6,up_3,0.2589,0.4506,leader_under_pressure,,,0.4149,0.5668,0.1498,,,,lead_protection_by_lead_inning.csv,,,,
-2.998,1.457,1.344,981,down_3,0.1305,,,middle_6,,,,high_score_next_2_rebound,,,,,,0.4506,0.4149,0.5668,comeback_by_deficit_inning.csv,,0.1978,0.1498,0.2589
-1.816,1.395,1.552,977,down_2,0.2631,,,f5_1_5,,,,high_tie_or_lead_rebound,,,,,,0.479,0.4688,0.609,comeback_by_deficit_inning_strength.csv,50_55,0.4166,0.3214,0.479
2.406,1.378,1.608,939,,,0.4888,0.721,early_1_3,up_2,0.4867,0.4867,leader_under_pressure,,,0.4388,0.5911,0.3706,,,,lead_protection_by_lead_inning_team_strength.csv,50_55,,,
2.154,1.505,1.4,933,,,0.4202,0.7428,f5_1_5,up_2,0.4791,0.4791,leader_under_pressure,,,0.4362,0.5927,0.3215,,,,lead_protection_by_lead_inning_team_strength.csv,50_55,,,
6.417,1.317,1.574,921,,,0.1042,0.9359,early_1_3,up_5_plus,0.0543,0.4734,leader_under_pressure,,,0.4332,0.6113,0.0858,,,,lead_protection_by_lead_inning.csv,,,,
-6.417,1.574,1.317,921,down_5_plus,0.0641,,,early_1_3,,,,high_score_next_2_rebound,,,,,,0.4734,0.4332,0.6113,comeback_by_deficit_inning.csv,,0.1042,0.0858,0.0543
4.202,1.46,1.516,914,,,0.2144,0.8589,early_1_3,up_4,0.1915,0.4431,leader_under_pressure,,,0.4344,0.57,0.1674,,,,lead_protection_by_lead_inning.csv,,,,
-4.202,1.516,1.46,914,down_4,0.1411,,,early_1_3,,,,high_score_next_2_rebound,,,,,,0.4431,0.4344,0.57,comeback_by_deficit_inning.csv,,0.2144,0.1674,0.1915
0.917,1.331,1.499,907,,,0.5634,0.6615,f5_1_5,up_1,0.9724,0.4432,leader_under_pressure,,,0.4157,0.5579,0.4487,,,,lead_protection_by_lead_inning_team_strength.csv,45_50,,,
-1.721,1.58,1.393,890,down_1,0.3393,,,early_1_3,,,,high_tie_or_lead_rebound,,55_60,,,,0.4202,0.4124,0.5472,comeback_by_deficit_inning_opponent_run_prevention.csv,,0.5899,0.491,0.9607
-1.159,1.484,1.322,880,down_1,0.35,,,f5_1_5,,,,high_tie_or_lead_rebound,,,,,,0.4443,0.3955,0.5466,comeback_by_deficit_inning_strength.csv,45_50,0.575,0.4398,0.9773
,,,860,,0.3721,,,early_1_3,,,,high_score_next_2_rebound,55_60,,,,,,0.4337,0.586,response_after_allowed_by_inning_offense.csv,,,,
-2.084,1.588,1.586,844,down_2,0.295,,,early_1_3,,,,high_tie_or_lead_rebound,,45_50,,,,0.5166,0.4893,0.6303,comeback_by_deficit_inning_opponent_run_prevention.csv,,0.4964,0.4028,0.5166
-1.837,1.363,1.561,823,down_2,0.3038,,,early_1_3,,,,high_tie_or_lead_rebound,,50_55,,,,0.5067,0.4313,0.6233,comeback_by_deficit_inning_opponent_run_prevention.csv,,0.5358,0.4241,0.5067
-2.099,1.35,1.479,820,down_2,0.2549,,,f5_1_5,,,,high_tie_or_lead_rebound,,50_55,,,,0.4793,0.4561,0.6037,comeback_by_deficit_inning_opponent_run_prevention.csv,,0.4183,0.328,0.4793
-2.444,1.462,1.331,762,down_2,0.2598,,,early_1_3,,,,high_tie_or_lead_rebound,,,,,,0.4488,0.4147,0.5486,comeback_by_deficit_inning_strength.csv,45_50,0.4987,0.3727,0.4488
1.996,1.416,1.422,733,,,0.4952,0.6971,early_1_3,up_2,0.4816,0.4816,leader_under_pressure,,,0.4202,0.5894,0.4052,,,,lead_protection_by_lead_inning_team_strength.csv,45_50,,,
1.541,1.415,1.651,708,,,0.5975,0.6568,early_1_3,up_1,0.9605,0.4153,leader_under_pressure,,,0.4237,0.5706,0.476,,,,lead_protection_by_lead_inning_team_strength.csv,55_60,,,
-2.194,1.488,1.581,707,down_2,0.2419,,,f5_1_5,,,,high_tie_or_lead_rebound,,45_50,,,,0.5021,0.4639,0.6351,comeback_by_deficit_inning_opponent_run_prevention.csv,,0.4144,0.314,0.5021
-0.967,1.558,1.342,704,down_1,0.3935,,,early_1_3,,,,high_tie_or_lead_rebound,,40_45,,,,0.4545,0.4375,0.5724,comeback_by_deficit_inning_opponent_run_prevention.csv,,0.6378,0.517,0.9588
4.067,1.278,1.532,684,,,0.1038,0.9254,middle_6,up_4,0.1389,0.424,leader_under_pressure,,,0.4108,0.5468,0.0863,,,,lead_protection_by_lead_inning.csv,,,,
7.213,1.364,1.693,681,,,0.0573,0.9633,f5_1_5,up_5_plus,0.0426,0.4581,leader_under_pressure,,,0.4023,0.5859,0.0455,,,,lead_protection_by_lead_inning_team_strength.csv,50_55,,,
1.941,1.369,1.374,680,,,0.4088,0.7426,f5_1_5,up_2,0.4691,0.4691,leader_under_pressure,,,0.4368,0.5868,0.3235,,,,lead_protection_by_lead_inning_team_strength.csv,45_50,,,
3.098,1.353,1.361,646,,,0.2957,0.839,f5_1_5,up_3,0.2879,0.4675,leader_under_pressure,,,0.4334,0.5882,0.1997,,,,lead_protection_by_lead_inning_team_strength.csv,50_55,,,
-0.831,1.79,1.475,638,down_1,0.4279,,,early_1_3,,,,high_tie_or_lead_rebound,,,,,,0.442,0.4326,0.5643,comeback_by_deficit_inning_strength.csv,55_60,0.6364,0.5611,0.9498
-2.813,1.496,1.351,635,down_3,0.1827,,,f5_1_5,,,,high_score_next_2_rebound,,,,,,0.4693,0.4126,0.5669,comeback_by_deficit_inning_strength.csv,50_55,0.2929,0.2126,0.2772
-2.479,1.457,1.443,632,down_3,0.2405,,,early_1_3,,,,high_tie_or_lead_rebound,,,,,,0.4557,0.4351,0.5791,comeback_by_deficit_inning_strength.csv,50_55,0.4035,0.2943,0.2848
-2.375,1.423,1.332,614,down_2,0.2248,,,f5_1_5,,,,high_tie_or_lead_rebound,,,,,,0.4593,0.4267,0.5782,comeback_by_deficit_inning_strength.csv,45_50,0.4121,0.3029,0.4593
-1.639,1.662,1.144,613,down_1,0.2953,,,f5_1_5,,,,high_tie_or_lead_rebound,,55_60,,,,0.3817,0.3409,0.4959,comeback_by_deficit_inning_opponent_run_prevention.csv,,0.4976,0.3687,0.9608
1.095,0.879,0.977,603,,,0.3798,0.7546,late_7_plus,up_1,0.9751,0.3798,leader_under_pressure,,,0.4113,0.4693,0.2769,,,,lead_protection_by_lead_inning_team_strength.csv,55_60,,,
-6.451,1.523,1.422,597,down_5_plus,0.0503,,,f5_1_5,,,,high_score_next_2_rebound,,,,,,0.474,0.3886,0.5779,comeback_by_deficit_inning_strength.csv,50_55,0.0737,0.0704,0.0653
3.173,1.334,1.458,577,,,0.3466,0.8024,early_1_3,up_3,0.279,0.4281,leader_under_pressure,,,0.3899,0.5459,0.26,,,,lead_protection_by_lead_inning_team_strength.csv,50_55,,,
1.129,1.195,1.352,565,,,0.5097,0.685,middle_6,up_1,0.9699,0.4425,leader_under_pressure,,,0.3858,0.5204,0.3841,,,,lead_protection_by_lead_inning_team_strength.csv,50_55,,,
-0.711,1.177,1.385,558,down_1,0.3728,,,middle_6,,,,high_tie_or_lead_rebound,,,,,,0.4767,0.4337,0.5645,comeback_by_deficit_inning_strength.csv,50_55,0.5538,0.4319,0.9677
0.268,1.648,1.33,549,,,0.6867,0.5556,early_1_3,up_1,0.9508,0.4936,leader_under_pressure,,,0.4481,0.5847,0.5556,,,,lead_protection_by_lead_inning_team_strength.csv,40_45,,,
-1.761,1.537,1.304,540,down_1,0.3333,,,early_1_3,,,,high_tie_or_lead_rebound,,,,,,0.4407,0.4352,0.563,comeback_by_deficit_inning_strength.csv,40_45,0.6204,0.5019,0.9685
-1.985,1.487,1.285,536,down_2,0.2463,,,f5_1_5,,,,high_tie_or_lead_rebound,,55_60,,,,0.4496,0.4086,0.5653,comeback_by_deficit_inning_opponent_run_prevention.csv,,0.4254,0.3041,0.4496
-2.259,1.802,1.234,529,down_1,0.2665,,,early_1_3,,,,high_tie_or_lead_rebound,,,,,,0.3819,0.3667,0.5595,comeback_by_deficit_inning_strength.csv,lt_40,0.5198,0.4121,0.9527
,,,528,,0.3163,,,middle_6,,,,high_score_next_2_rebound,45_50,,,,,,0.3902,0.5701,response_after_allowed_by_inning_offense.csv,,,,
-6.854,1.65,1.362,506,down_5_plus,0.0415,,,f5_1_5,,,,high_score_next_2_rebound,,50_55,,,,0.4704,0.4269,0.6344,comeback_by_deficit_inning_opponent_run_prevention.csv,,0.0573,0.0474,0.0534
-2.014,1.331,1.391,496,down_2,0.3085,,,early_1_3,,,,high_tie_or_lead_rebound,,55_60,,,,0.4738,0.4294,0.5726,comeback_by_deficit_inning_opponent_run_prevention.csv,,0.5383,0.3851,0.4738
1.858,1.307,1.746,485,,,0.5856,0.6866,early_1_3,up_1,0.9588,0.4144,leader_under_pressure,,,0.367,0.5258,0.4289,,,,lead_protection_by_lead_inning_team_strength.csv,60_plus,,,
-1.006,1.453,1.449,483,down_1,0.3333,,,f5_1_5,,,,high_tie_or_lead_rebound,,40_45,,,,0.4948,0.4762,0.6025,comeback_by_deficit_inning_opponent_run_prevention.csv,,0.5797,0.4472,0.9834
-2.967,1.5,1.371,482,down_3,0.1743,,,f5_1_5,,,,high_score_next_2_rebound,,50_55,,,,0.4481,0.4191,0.5705,comeback_by_deficit_inning_opponent_run_prevention.csv,,0.2863,0.2012,0.278
-2.65,1.462,1.637,480,down_3,0.2062,,,early_1_3,,,,high_score_next_2_rebound,,45_50,,,,0.4771,0.4417,0.6125,comeback_by_deficit_inning_opponent_run_prevention.csv,,0.3521,0.2687,0.3312
1.572,1.31,1.597,477,,,0.5388,0.6855,f5_1_5,up_1,0.9727,0.4235,leader_under_pressure,,,0.3941,0.5618,0.4214,,,,lead_protection_by_lead_inning_team_strength.csv,55_60,,,
-6.277,1.264,1.476,477,down_5_plus,0.0356,,,f5_1_5,,,,high_score_next_2_rebound,,45_50,,,,0.4759,0.4256,0.5807,comeback_by_deficit_inning_opponent_run_prevention.csv,,0.0587,0.0482,0.0503
-2.977,1.528,1.496,472,down_3,0.2119,,,early_1_3,,,,high_score_next_2_rebound,,50_55,,,,0.4597,0.4661,0.6229,comeback_by_deficit_inning_opponent_run_prevention.csv,,0.3686,0.2839,0.2818
-0.918,1.314,1.296,452,down_1,0.3473,,,middle_6,,,,high_tie_or_lead_rebound,,50_55,,,,0.4668,0.4159,0.5708,comeback_by_deficit_inning_opponent_run_prevention.csv,,0.5531,0.4491,0.969
7.029,1.264,1.601,451,,,0.0288,0.9712,middle_6,up_5_plus,0.0244,0.4812,leader_under_pressure,,,0.408,0.5809,0.0288,,,,lead_protection_by_lead_inning_team_strength.csv,50_55,,,
-1.002,1.333,1.259,451,down_1,0.3171,,,middle_6,,,,high_tie_or_lead_rebound,,45_50,,,,0.459,0.3792,0.5499,comeback_by_deficit_inning_opponent_run_prevention.csv,,0.5299,0.3969,0.969
2.069,1.152,1.333,448,,,0.3237,0.8058,middle_6,up_2,0.4062,0.4062,leader_under_pressure,,,0.3705,0.4866,0.2411,,,,lead_protection_by_lead_inning_team_strength.csv,50_55,,,
,,,447,,0.3647,,,early_1_3,,,,high_score_next_2_rebound,60_plus,,,,,,0.4519,0.5906,response_after_allowed_by_inning_offense.csv,,,,
1.613,1.699,1.366,445,,,0.5663,0.6899,early_1_3,up_2,0.4921,0.4921,leader_under_pressure,,,0.4292,0.6022,0.4067,,,,lead_protection_by_lead_inning_team_strength.csv,55_60,,,
-1.878,1.39,1.468,444,down_2,0.2027,,,middle_6,,,,high_score_next_2_rebound,,,,,,0.4707,0.4032,0.5698,comeback_by_deficit_inning_strength.csv,50_55,0.3063,0.2455,0.4707
-2.87,1.669,1.449,432,down_3,0.2523,,,early_1_3,,,,high_score_next_2_rebound,,,,,,0.412,0.4282,0.581,comeback_by_deficit_inning_strength.csv,45_50,0.3657,0.2963,0.2407
-1.56,1.642,1.283,427,down_1,0.2974,,,f5_1_5,,,,high_tie_or_lead_rebound,,,,,,0.3841,0.3607,0.5246,comeback_by_deficit_inning_strength.csv,40_45,0.5012,0.4239,0.9719
-6.852,1.611,1.33,427,down_5_plus,0.0211,,,middle_6,,,,high_score_next_2_rebound,,,,,,0.4754,0.4496,0.6112,comeback_by_deficit_inning_strength.csv,50_55,0.0375,0.0328,0.0445
-0.694,1.289,1.409,418,down_1,0.3804,,,f5_1_5,,,,high_tie_or_lead_rebound,,,,,,0.4306,0.3971,0.5526,comeback_by_deficit_inning_strength.csv,55_60,0.5813,0.4737,0.9809
-1.115,1.519,1.308,416,down_1,0.3293,,,middle_6,,,,high_tie_or_lead_rebound,,,,,,0.4495,0.3918,0.5577,comeback_by_deficit_inning_strength.csv,45_50,0.512,0.4135,0.9808
0.946,1.329,1.391,407,,,0.4644,0.6978,middle_6,up_1,0.9803,0.4103,leader_under_pressure,,,0.371,0.5479,0.4029,,,,lead_protection_by_lead_inning_team_strength.csv,45_50,,,
6.217,1.574,1.335,406,,,0.0788,0.9433,f5_1_5,up_5_plus,0.0443,0.4778,leader_under_pressure,,,0.3966,0.6034,0.0567,,,,lead_protection_by_lead_inning_team_strength.csv,45_50,,,
0.616,1.636,1.495,404,,,0.7302,0.5248,early_1_3,up_1,0.9629,0.495,leader_under_pressure,,,0.4703,0.6337,0.6386,,,,lead_protection_by_lead_inning_team_strength.csv,lt_40,,,
4.543,1.337,1.515,400,,,0.155,0.925,f5_1_5,up_4,0.135,0.465,leader_under_pressure,,,0.435,0.57,0.09,,,,lead_protection_by_lead_inning_team_strength.csv,50_55,,,
2.783,1.302,1.294,391,,,0.2583,0.8465,f5_1_5,up_3,0.2506,0.4527,leader_under_pressure,,,0.3504,0.5396,0.1918,,,,lead_protection_by_lead_inning_team_strength.csv,45_50,,,
2.592,1.309,1.681,385,,,0.4,0.8182,f5_1_5,up_2,0.4519,0.4519,leader_under_pressure,,,0.4571,0.5974,0.2519,,,,lead_protection_by_lead_inning_team_strength.csv,55_60,,,
0.437,1.521,1.184,380,,,0.6684,0.6053,f5_1_5,up_1,0.9789,0.5342,leader_under_pressure,,,0.4632,0.6289,0.4895,,,,lead_protection_by_lead_inning_team_strength.csv,40_45,,,
-7.112,1.834,1.492,374,down_5_plus,0.0374,,,f5_1_5,,,,high_score_next_2_rebound,,55_60,,,,0.4412,0.377,0.5535,comeback_by_deficit_inning_opponent_run_prevention.csv,,0.0642,0.0374,0.0561
0.645,1.008,0.656,372,,,0.4059,0.7124,late_7_plus,up_1,0.9785,0.4059,leader_under_pressure,,,0.3898,0.4597,0.3065,,,,lead_protection_by_lead_inning_team_strength.csv,40_45,,,
-0.685,1.565,1.906,372,down_1,0.4597,,,early_1_3,,,,high_tie_or_lead_rebound,,lt_40,,,,0.5699,0.543,0.6909,comeback_by_deficit_inning_opponent_run_prevention.csv,,0.7043,0.5941,0.9543
-2.372,1.617,1.051,371,down_2,0.2803,,,early_1_3,,,,high_tie_or_lead_rebound,,40_45,,,,0.3666,0.3261,0.4771,comeback_by_deficit_inning_opponent_run_prevention.csv,,0.4394,0.3531,0.3666
2.768,1.431,1.736,367,,,0.3297,0.8065,early_1_3,up_3,0.2725,0.4142,leader_under_pressure,,,0.4387,0.5722,0.2561,,,,lead_protection_by_lead_inning_team_strength.csv,45_50,,,
-7.107,1.56,1.316,364,down_5_plus,0.022,,,middle_6,,,,high_score_next_2_rebound,,50_55,,,,0.4918,0.4533,0.6648,comeback_by_deficit_inning_opponent_run_prevention.csv,,0.0302,0.0247,0.0192
3.251,1.185,1.434,362,,,0.174,0.884,middle_6,up_3,0.2403,0.4309,leader_under_pressure,,,0.3812,0.5331,0.1298,,,,lead_protection_by_lead_inning_team_strength.csv,50_55,,,
-1.913,1.608,1.577,357,down_2,0.3333,,,early_1_3,,,,high_tie_or_lead_rebound,,,,,,0.465,0.4734,0.5882,comeback_by_deficit_inning_strength.csv,55_60,0.493,0.437,0.465
-1.096,1.433,1.756,353,down_1,0.3824,,,early_1_3,,,,high_tie_or_lead_rebound,,,,,,0.4958,0.4533,0.6006,comeback_by_deficit_inning_strength.csv,60_plus,0.6884,0.5269,0.9547
-2.833,1.428,1.331,353,down_3,0.136,,,middle_6,,,,high_score_next_2_rebound,,,,,,0.4504,0.4448,0.6006,comeback_by_deficit_inning_strength.csv,50_55,0.204,0.1558,0.2323
-6.449,1.543,1.582,352,down_5_plus,0.017,,,middle_6,,,,high_score_next_2_rebound,,45_50,,,,0.4744,0.429,0.6023,comeback_by_deficit_inning_opponent_run_prevention.csv,,0.0341,0.0199,0.0511
-1.888,1.693,1.095,349,down_1,0.2636,,,f5_1_5,,,,high_tie_or_lead_rebound,,,,,,0.4155,0.3954,0.5272,comeback_by_deficit_inning_strength.csv,lt_40,0.533,0.3668,0.9599
-1.925,1.334,1.516,347,down_2,0.245,,,f5_1_5,,,,high_tie_or_lead_rebound,,,,,,0.5389,0.4496,0.6369,comeback_by_deficit_inning_strength.csv,55_60,0.4323,0.3141,0.5389
-4.448,1.564,1.416,346,down_4,0.078,,,f5_1_5,,,,high_score_next_2_rebound,,45_50,,,,0.5058,0.4624,0.6272,comeback_by_deficit_inning_opponent_run_prevention.csv,,0.159,0.0925,0.1185
0.644,0.991,0.674,331,,,0.3323,0.7764,late_7_plus,up_1,0.9758,0.3323,lead_collapse_watch,,,0.3323,0.3807,0.2749,,,,lead_protection_by_lead_inning_team_strength.csv,lt_40,,,
-3.058,1.706,1.4,330,down_2,0.2152,,,early_1_3,,,,high_tie_or_lead_rebound,,,,,,0.4879,0.4909,0.6182,comeback_by_deficit_inning_strength.csv,lt_40,0.4273,0.297,0.4879
6.728,1.101,0.719,327,,,0.0306,0.9786,late_7_plus,up_5_plus,0.0489,0.4159,leader_under_pressure,,,0.4709,0.5138,0.0306,,,,lead_protection_by_lead_inning_team_strength.csv,lt_40,,,
6.031,1.391,1.494,322,,,0.0466,0.9752,f5_1_5,up_5_plus,0.0714,0.4783,leader_under_pressure,,,0.4596,0.6149,0.0342,,,,lead_protection_by_lead_inning_team_strength.csv,55_60,,,
1.894,1.469,1.508,311,,,0.2958,0.7846,middle_6,up_2,0.4469,0.4469,leader_under_pressure,,,0.3987,0.5756,0.2572,,,,lead_protection_by_lead_inning_team_strength.csv,45_50,,,
7.588,1.162,1.87,308,,,0.0747,0.9675,early_1_3,up_5_plus,0.0747,0.3734,leader_under_pressure,,,0.3442,0.4968,0.0519,,,,lead_protection_by_lead_inning_team_strength.csv,50_55,,,
1.534,1.622,1.42,307,,,0.5309,0.6775,early_1_3,up_2,0.5081,0.5081,leader_under_pressure,,,0.4886,0.6124,0.456,,,,lead_protection_by_lead_inning_team_strength.csv,40_45,,,
-1.915,1.448,1.216,306,down_1,0.3366,,,early_1_3,,,,high_tie_or_lead_rebound,,60_plus,,,,0.4314,0.402,0.5163,comeback_by_deficit_inning_opponent_run_prevention.csv,,0.6438,0.4412,0.9379
,,,303,,0.4389,,,f5_1_5,,,,high_score_next_2_rebound,60_plus,,,,,,0.4224,0.6403,response_after_allowed_by_inning_offense.csv,,,,
4.572,1.431,1.532,299,,,0.204,0.893,early_1_3,up_4,0.2074,0.4482,leader_under_pressure,,,0.4314,0.5619,0.1237,,,,lead_protection_by_lead_inning_team_strength.csv,50_55,,,
-0.435,0.615,1.147,299,down_1,0.3278,,,late_7_plus,,,,high_tie_or_lead_rebound,,lt_40,,,,0.4147,0.3746,0.4381,comeback_by_deficit_inning_opponent_run_prevention.csv,,0.4147,0.3779,0.9833
0.51,1.715,1.218,298,,,0.7013,0.547,f5_1_5,up_1,0.9832,0.5403,leader_under_pressure,,,0.4698,0.6443,0.557,,,,lead_protection_by_lead_inning_team_strength.csv,lt_40,,,
-1.218,1.626,1.263,289,down_1,0.3183,,,middle_6,,,,high_tie_or_lead_rebound,,55_60,,,,0.4152,0.3875,0.5225,comeback_by_deficit_inning_opponent_run_prevention.csv,,0.4567,0.3495,0.9792
-4.301,1.619,1.356,289,down_4,0.0865,,,f5_1_5,,,,high_score_next_2_rebound,,50_55,,,,0.4706,0.4221,0.5779,comeback_by_deficit_inning_opponent_run_prevention.csv,,0.1453,0.1003,0.1211
-3.153,1.719,1.333,288,down_3,0.2153,,,early_1_3,,,,high_score_next_2_rebound,,55_60,,,,0.4514,0.4167,0.566,comeback_by_deficit_inning_opponent_run_prevention.csv,,0.3542,0.2465,0.2188
-6.056,1.528,1.392,286,down_5_plus,0.0769,,,early_1_3,,,,high_score_next_2_rebound,,,,,,0.5035,0.4266,0.6119,comeback_by_deficit_inning_strength.csv,50_55,0.1189,0.1084,0.0699
6.491,1.681,1.589,285,,,0.0386,0.9754,middle_6,up_5_plus,0.0456,0.5053,leader_under_pressure,,,0.4807,0.6456,0.0281,,,,lead_protection_by_lead_inning_team_strength.csv,45_50,,,
-1.734,1.383,1.411,282,down_2,0.266,,,f5_1_5,,,,high_tie_or_lead_rebound,,40_45,,,,0.4574,0.4326,0.5603,comeback_by_deficit_inning_opponent_run_prevention.csv,,0.4468,0.3262,0.4574
-3.138,1.496,1.252,282,down_3,0.1206,,,middle_6,,,,high_score_next_2_rebound,,45_50,,,,0.4504,0.4255,0.5638,comeback_by_deficit_inning_opponent_run_prevention.csv,,0.1738,0.1348,0.2234
1.238,1.363,1.658,281,,,0.5694,0.5943,f5_1_5,up_1,0.9644,0.4448,leader_under_pressure,,,0.4164,0.5516,0.452,,,,lead_protection_by_lead_inning_team_strength.csv,60_plus,,,
-4.24,1.52,1.466,279,down_4,0.1111,,,f5_1_5,,,,high_score_next_2_rebound,,,,,,0.5161,0.4839,0.6595,comeback_by_deficit_inning_strength.csv,45_50,0.1792,0.129,0.1434
4.094,1.155,1.838,278,,,0.2158,0.8669,f5_1_5,up_3,0.2194,0.3813,leader_under_pressure,,,0.4245,0.5396,0.1691,,,,lead_protection_by_lead_inning_team_strength.csv,55_60,,,
3.152,1.336,1.585,277,,,0.4332,0.7545,early_1_3,up_2,0.4404,0.4404,leader_under_pressure,,,0.4152,0.5379,0.3069,,,,lead_protection_by_lead_inning_team_strength.csv,60_plus,,,
-2.287,1.812,1.43,272,down_2,0.2868,,,early_1_3,,,,high_tie_or_lead_rebound,,,,,,0.5037,0.4816,0.6434,comeback_by_deficit_inning_strength.csv,40_45,0.5257,0.4081,0.5037
-4.272,1.404,1.397,272,down_4,0.1029,,,early_1_3,,,,high_score_next_2_rebound,,45_50,,,,0.4669,0.4118,0.5515,comeback_by_deficit_inning_opponent_run_prevention.csv,,0.1728,0.1287,0.1912
0.981,0.881,0.866,268,,,0.3134,0.7836,late_7_plus,up_1,0.9701,0.3134,lead_collapse_watch,,,0.3284,0.3545,0.2388,,,,lead_protection_by_lead_inning_team_strength.csv,60_plus,,,
-3.157,1.478,1.25,268,down_3,0.1828,,,f5_1_5,,,,high_score_next_2_rebound,,55_60,,,,0.4776,0.459,0.5933,comeback_by_deficit_inning_opponent_run_prevention.csv,,0.2985,0.209,0.2612
-1.335,1.488,1.173,254,down_1,0.2638,,,f5_1_5,,,,high_tie_or_lead_rebound,,,,,,0.4843,0.437,0.5709,comeback_by_deficit_inning_strength.csv,60_plus,0.5669,0.3898,0.9646
-2.325,1.683,1.464,252,down_2,0.246,,,f5_1_5,,,,high_score_next_2_rebound,,,,,,0.4643,0.4643,0.5992,comeback_by_deficit_inning_strength.csv,40_45,0.3929,0.3056,0.4643
3.398,1.657,1.422,251,,,0.2231,0.8287,f5_1_5,up_4,0.1673,0.51,leader_under_pressure,,,0.4303,0.6096,0.1912,,,,lead_protection_by_lead_inning_team_strength.csv,45_50,,,
-1.191,1.402,1.331,251,down_1,0.2629,,,middle_6,,,,high_tie_or_lead_rebound,,40_45,,,,0.3865,0.3586,0.5299,comeback_by_deficit_inning_opponent_run_prevention.csv,,0.4183,0.3147,0.9841
6.81,1.165,1.452,248,,,0.0202,0.9919,middle_6,up_5_plus,0.0323,0.4274,leader_under_pressure,,,0.4677,0.5766,0.0121,,,,lead_protection_by_lead_inning_team_strength.csv,55_60,,,
-6.32,1.279,1.223,247,down_5_plus,0.0607,,,early_1_3,,,,high_score_next_2_rebound,,,,,,0.4615,0.4453,0.6073,comeback_by_deficit_inning_strength.csv,45_50,0.085,0.0688,0.0283
-6.632,1.316,1.336,247,down_5_plus,0.0121,,,f5_1_5,,,,high_score_next_2_rebound,,,,,,0.4332,0.4494,0.6275,comeback_by_deficit_inning_strength.csv,55_60,0.0526,0.0364,0.0445
-7.093,1.757,1.32,247,down_5_plus,0.0324,,,middle_6,,,,high_score_next_2_rebound,,55_60,,,,0.4453,0.4211,0.5587,comeback_by_deficit_inning_opponent_run_prevention.csv,,0.0405,0.0324,0.0486
-4.139,1.531,1.184,245,down_4,0.0531,,,middle_6,,,,high_score_next_2_rebound,,,,,,0.4122,0.3755,0.5592,comeback_by_deficit_inning_strength.csv,50_55,0.0857,0.0653,0.1184
-6.074,1.671,1.506,243,down_5_plus,0.1193,,,early_1_3,,,,high_score_next_2_rebound,,50_55,,,,0.465,0.4198,0.5514,comeback_by_deficit_inning_opponent_run_prevention.csv,,0.1399,0.1276,0.1193
2.494,1.672,1.357,241,,,0.2324,0.8589,middle_6,up_3,0.3237,0.527,leader_under_pressure,,,0.473,0.6183,0.1618,,,,lead_protection_by_lead_inning_team_strength.csv,45_50,,,
1.604,1.433,1.288,240,,,0.4208,0.7333,f5_1_5,up_2,0.4917,0.4917,leader_under_pressure,,,0.4417,0.575,0.3375,,,,lead_protection_by_lead_inning_team_strength.csv,40_45,,,
-6.929,1.681,1.223,238,down_5_plus,0.021,,,f5_1_5,,,,high_score_next_2_rebound,,,,,,0.4454,0.395,0.5672,comeback_by_deficit_inning_strength.csv,lt_40,0.0546,0.021,0.0294
-5.747,1.464,1.442,233,down_5_plus,0.0558,,,early_1_3,,,,high_score_next_2_rebound,,45_50,,,,0.4979,0.4936,0.6953,comeback_by_deficit_inning_opponent_run_prevention.csv,,0.1373,0.0944,0.0558
2.926,1.205,1.873,229,,,0.3406,0.8035,f5_1_5,up_2,0.3624,0.3624,leader_under_pressure,,,0.3799,0.524,0.2227,,,,lead_protection_by_lead_inning_team_strength.csv,60_plus,,,
3.061,1.57,1.719,228,,,0.3596,0.7982,early_1_3,up_3,0.2632,0.4605,leader_under_pressure,,,0.4912,0.6886,0.2368,,,,lead_protection_by_lead_inning_team_strength.csv,55_60,,,
4.079,1.154,1.408,228,,,0.1009,0.9254,middle_6,up_4,0.1404,0.4298,leader_under_pressure,,,0.4035,0.5044,0.0789,,,,lead_protection_by_lead_inning_team_strength.csv,50_55,,,
-0.487,1.539,1.654,228,down_1,0.4035,,,f5_1_5,,,,high_tie_or_lead_rebound,,lt_40,,,,0.4123,0.4474,0.6316,comeback_by_deficit_inning_opponent_run_prevention.csv,,0.5833,0.5044,0.9693
-2.372,1.265,1.587,223,down_3,0.278,,,early_1_3,,,,high_tie_or_lead_rebound,,,,,,0.5022,0.4439,0.6009,comeback_by_deficit_inning_strength.csv,55_60,0.417,0.3632,0.3004
-2.473,1.311,1.563,222,down_3,0.2432,,,f5_1_5,,,,high_score_next_2_rebound,,,,,,0.5135,0.4505,0.5901,comeback_by_deficit_inning_strength.csv,55_60,0.3784,0.3243,0.3423
3.774,0.95,0.701,221,,,0.0633,0.9548,late_7_plus,up_4,0.095,0.3846,leader_under_pressure,,,0.3891,0.4751,0.0452,,,,lead_protection_by_lead_inning_team_strength.csv,60_plus,,,
-4.578,1.702,1.619,218,down_4,0.1606,,,early_1_3,,,,high_score_next_2_rebound,,50_55,,,,0.4725,0.4771,0.6193,comeback_by_deficit_inning_opponent_run_prevention.csv,,0.2569,0.2064,0.1972
1.287,1.5,1.458,216,,,0.537,0.6157,early_1_3,up_2,0.375,0.375,leader_under_pressure,,,0.3889,0.5741,0.4676,,,,lead_protection_by_lead_inning_team_strength.csv,lt_40,,,
-4.0,1.423,1.623,215,down_4,0.1953,,,early_1_3,,,,high_score_next_2_rebound,,,,,,0.4744,0.4744,0.614,comeback_by_deficit_inning_strength.csv,45_50,0.2651,0.2093,0.2419
7.522,1.124,1.99,209,,,0.067,0.9426,f5_1_5,up_5_plus,0.0478,0.3636,leader_under_pressure,,,0.3301,0.4976,0.0574,,,,lead_protection_by_lead_inning_team_strength.csv,60_plus,,,
2.082,1.329,1.261,207,,,0.3333,0.7101,f5_1_5,up_3,0.2657,0.4686,leader_under_pressure,,,0.3865,0.5652,0.2947,,,,lead_protection_by_lead_inning_team_strength.csv,40_45,,,
-0.835,1.437,1.51,206,down_1,0.3495,,,middle_6,,,,high_tie_or_lead_rebound,,,,,,0.432,0.4126,0.5825,comeback_by_deficit_inning_strength.csv,55_60,0.5049,0.4126,0.9709
-3.519,1.403,1.301,206,down_3,0.1214,,,f5_1_5,,,,high_score_next_2_rebound,,,,,,0.4466,0.4369,0.5777,comeback_by_deficit_inning_strength.csv,lt_40,0.1942,0.1262,0.2476
1.515,1.163,1.663,202,,,0.4752,0.7327,middle_6,up_1,0.9554,0.396,leader_under_pressure,,,0.3515,0.5446,0.3317,,,,lead_protection_by_lead_inning_team_strength.csv,55_60,,,
-4.26,1.695,1.23,200,down_4,0.05,,,middle_6,,,,high_score_next_2_rebound,,45_50,,,,0.425,0.465,0.58,comeback_by_deficit_inning_opponent_run_prevention.csv,,0.095,0.06,0.095
4.597,1.051,1.617,196,,,0.1122,0.9286,f5_1_5,up_4,0.0867,0.398,leader_under_pressure,,,0.3827,0.4949,0.0918,,,,lead_protection_by_lead_inning_team_strength.csv,55_60,,,
3.41,1.503,1.579,195,,,0.2513,0.8103,early_1_3,up_4,0.2,0.4308,leader_under_pressure,,,0.4103,0.5846,0.2051,,,,lead_protection_by_lead_inning_team_strength.csv,45_50,,,
-1.221,1.651,1.779,195,down_2,0.4103,,,early_1_3,,,,high_tie_or_lead_rebound,,lt_40,,,,0.5128,0.4872,0.6513,comeback_by_deficit_inning_opponent_run_prevention.csv,,0.5846,0.4718,0.5128
-3.026,1.461,1.22,191,down_3,0.1885,,,f5_1_5,,,,high_score_next_2_rebound,,,,,,0.4084,0.4188,0.5707,comeback_by_deficit_inning_strength.csv,40_45,0.2618,0.2251,0.2461
-1.651,1.619,1.751,189,down_2,0.3069,,,early_1_3,,,,high_tie_or_lead_rebound,,,,,,0.4974,0.4233,0.6243,comeback_by_deficit_inning_strength.csv,60_plus,0.6402,0.5132,0.4974
0.43,1.683,1.156,186,,,0.6129,0.586,middle_6,up_1,0.9785,0.5215,leader_under_pressure,,,0.457,0.6237,0.4731,,,,lead_protection_by_lead_inning_team_strength.csv,40_45,,,
5.941,1.081,1.651,186,,,0.1183,0.9032,early_1_3,up_5_plus,0.0215,0.4516,leader_under_pressure,,,0.4301,0.5914,0.0968,,,,lead_protection_by_lead_inning_team_strength.csv,45_50,,,
1.016,2.043,1.227,185,,,0.5459,0.6757,f5_1_5,up_2,0.6108,0.6108,leader_under_pressure,,,0.5459,0.7027,0.4324,,,,lead_protection_by_lead_inning_team_strength.csv,lt_40,,,
-1.686,1.427,1.638,185,down_2,0.2703,,,f5_1_5,,,,high_tie_or_lead_rebound,,,,,,0.5459,0.4703,0.627,comeback_by_deficit_inning_strength.csv,60_plus,0.5243,0.4054,0.5459
-1.186,1.574,1.29,183,down_1,0.388,,,f5_1_5,,,,high_tie_or_lead_rebound,,60_plus,,,,0.4044,0.3388,0.5027,comeback_by_deficit_inning_opponent_run_prevention.csv,,0.5956,0.4645,0.9617
-6.437,1.355,1.268,183,down_5_plus,0.0219,,,middle_6,,,,high_score_next_2_rebound,,40_45,,,,0.4372,0.3497,0.5519,comeback_by_deficit_inning_opponent_run_prevention.csv,,0.0437,0.0273,0.0437
-1.099,1.425,1.204,181,down_1,0.2818,,,middle_6,,,,high_tie_or_lead_rebound,,,,,,0.4088,0.3481,0.5028,comeback_by_deficit_inning_strength.csv,40_45,0.4696,0.3867,0.989
-7.088,1.685,1.713,181,down_5_plus,0.0166,,,middle_6,,,,high_score_next_2_rebound,,,,,,0.4696,0.453,0.6519,comeback_by_deficit_inning_strength.csv,40_45,0.0442,0.0166,0.0442
3.145,1.659,1.872,179,,,0.3408,0.7542,early_1_3,up_3,0.2682,0.5363,leader_under_pressure,,,0.4804,0.6425,0.2961,,,,lead_protection_by_lead_inning_team_strength.csv,60_plus,,,
2.247,1.202,1.315,178,,,0.2191,0.882,middle_6,up_2,0.3989,0.3989,leader_under_pressure,,,0.3427,0.5056,0.1573,,,,lead_protection_by_lead_inning_team_strength.csv,55_60,,,
1.48,1.697,1.154,175,,,0.4857,0.6229,early_1_3,up_3,0.3143,0.4743,leader_under_pressure,,,0.4343,0.5657,0.4057,,,,lead_protection_by_lead_inning_team_strength.csv,40_45,,,
-6.926,1.617,1.389,175,down_5_plus,0.0114,,,middle_6,,,,high_score_next_2_rebound,,,,,,0.4971,0.44,0.6629,comeback_by_deficit_inning_strength.csv,lt_40,0.0114,0.0114,0.0514
-1.289,1.197,1.734,173,down_2,0.3179,,,f5_1_5,,,,high_tie_or_lead_rebound,,lt_40,,,,0.5665,0.5029,0.6243,comeback_by_deficit_inning_opponent_run_prevention.csv,,0.474,0.3757,0.5665
-4.0,1.435,1.394,170,down_4,0.0765,,,middle_6,,,,high_score_next_2_rebound,,50_55,,,,0.4706,0.4471,0.5882,comeback_by_deficit_inning_opponent_run_prevention.csv,,0.0882,0.0824,0.1824
3.189,1.325,1.639,169,,,0.2485,0.8343,f5_1_5,up_3,0.2663,0.432,leader_under_pressure,,,0.3846,0.5207,0.1657,,,,lead_protection_by_lead_inning_team_strength.csv,60_plus,,,
-4.036,1.458,1.345,168,down_4,0.0655,,,middle_6,,,,high_score_next_2_rebound,,,,,,0.4583,0.4821,0.5595,comeback_by_deficit_inning_strength.csv,45_50,0.119,0.0893,0.1429
3.958,1.398,1.566,166,,,0.1145,0.9217,middle_6,up_4,0.1687,0.4157,leader_under_pressure,,,0.4398,0.5964,0.1024,,,,lead_protection_by_lead_inning_team_strength.csv,45_50,,,
-3.461,1.788,1.606,165,down_3,0.2121,,,early_1_3,,,,high_score_next_2_rebound,,,,,,0.4606,0.4303,0.6,comeback_by_deficit_inning_strength.csv,40_45,0.2848,0.2424,0.3576
2.689,1.652,1.238,164,,,0.4207,0.75,early_1_3,up_3,0.3171,0.5549,leader_under_pressure,,,0.4939,0.6829,0.3659,,,,lead_protection_by_lead_inning_team_strength.csv,lt_40,,,
-4.453,1.77,1.149,161,down_3,0.0435,,,early_1_3,,,,high_score_next_2_rebound,,,,,,0.4161,0.4224,0.6273,comeback_by_deficit_inning_strength.csv,lt_40,0.1491,0.0745,0.1863
-1.83,1.44,1.352,159,down_2,0.2075,,,middle_6,,,,high_score_next_2_rebound,,,,,,0.4717,0.4843,0.6101,comeback_by_deficit_inning_strength.csv,55_60,0.327,0.239,0.4717
-1.462,1.633,1.253,158,down_1,0.2848,,,middle_6,,,,high_tie_or_lead_rebound,,,,,,0.4684,0.3354,0.5443,comeback_by_deficit_inning_strength.csv,lt_40,0.5,0.3544,0.9747
5.987,1.071,0.987,156,,,0.0769,0.9551,f5_1_5,up_5_plus,0.0513,0.3974,leader_under_pressure,,,0.3333,0.4872,0.0769,,,,lead_protection_by_lead_inning_team_strength.csv,40_45,,,
0.702,1.377,1.305,151,,,0.5364,0.6225,middle_6,up_1,0.9801,0.4967,leader_under_pressure,,,0.3974,0.5762,0.4238,,,,lead_protection_by_lead_inning_team_strength.csv,lt_40,,,
-2.56,1.393,1.767,150,down_3,0.1867,,,middle_6,,,,high_score_next_2_rebound,,40_45,,,,0.5133,0.4333,0.6067,comeback_by_deficit_inning_opponent_run_prevention.csv,,0.2667,0.2133,0.3267
7.705,1.101,1.799,149,,,0.0403,0.9732,middle_6,up_5_plus,0.047,0.349,leader_under_pressure,,,0.3154,0.4966,0.0268,,,,lead_protection_by_lead_inning_team_strength.csv,60_plus,,,
5.888,1.259,1.231,143,,,0.0559,0.979,early_1_3,up_5_plus,0.035,0.5594,leader_under_pressure,,,0.4266,0.7273,0.0559,,,,lead_protection_by_lead_inning_team_strength.csv,55_60,,,
3.028,1.504,1.645,141,,,0.2695,0.7943,f5_1_5,up_3,0.3546,0.4681,leader_under_pressure,,,0.5035,0.5887,0.2482,,,,lead_protection_by_lead_inning_team_strength.csv,lt_40,,,
-1.309,1.115,1.791,139,down_2,0.2806,,,middle_6,,,,high_score_next_2_rebound,,40_45,,,,0.518,0.4173,0.6187,comeback_by_deficit_inning_opponent_run_prevention.csv,,0.3525,0.2878,0.518
4.285,1.19,1.387,137,,,0.2044,0.8686,early_1_3,up_4,0.1241,0.3796,leader_under_pressure,,,0.3504,0.4818,0.1971,,,,lead_protection_by_lead_inning_team_strength.csv,55_60,,,
-3.709,1.388,1.299,134,down_4,0.1567,,,early_1_3,,,,high_score_next_2_rebound,,40_45,,,,0.3881,0.4179,0.5672,comeback_by_deficit_inning_opponent_run_prevention.csv,,0.2313,0.1642,0.2015
4.1,1.023,1.938,130,,,0.1231,0.9462,middle_6,up_3,0.2,0.3462,leader_under_pressure,,,0.3923,0.5231,0.0846,,,,lead_protection_by_lead_inning_team_strength.csv,55_60,,,
-2.55,1.465,1.496,129,down_3,0.1938,,,f5_1_5,,,,high_score_next_2_rebound,,lt_40,,,,0.5349,0.4806,0.6512,comeback_by_deficit_inning_opponent_run_prevention.csv,,0.2558,0.2171,0.3333
0.812,1.453,1.367,128,,,0.5234,0.6016,middle_6,up_1,1.0,0.4844,leader_under_pressure,,,0.4297,0.5625,0.4375,,,,lead_protection_by_lead_inning_team_strength.csv,60_plus,,,
-6.578,1.469,1.109,128,down_5_plus,0.0,,,early_1_3,,,,high_score_next_2_rebound,,40_45,,,,0.5078,0.4688,0.6484,comeback_by_deficit_inning_opponent_run_prevention.csv,,0.0312,0.0,0.0156
7.079,1.543,2.079,127,,,0.063,1.0,f5_1_5,up_5_plus,0.1575,0.4173,leader_under_pressure,,,0.3307,0.4724,0.0315,,,,lead_protection_by_lead_inning_team_strength.csv,lt_40,,,
-7.744,2.448,1.08,125,down_5_plus,0.032,,,early_1_3,,,,high_score_next_2_rebound,,,,,,0.408,0.408,0.552,comeback_by_deficit_inning_strength.csv,40_45,0.08,0.032,0.032
4.598,1.336,1.697,122,,,0.1311,0.918,f5_1_5,up_4,0.1311,0.4262,leader_under_pressure,,,0.3607,0.5328,0.082,,,,lead_protection_by_lead_inning_team_strength.csv,60_plus,,,
4.077,1.308,1.47,117,,,0.1197,0.8889,middle_6,up_4,0.1368,0.4017,leader_under_pressure,,,0.4359,0.5299,0.1111,,,,lead_protection_by_lead_inning_team_strength.csv,55_60,,,
-2.12,1.521,2.111,117,down_3,0.359,,,early_1_3,,,,high_tie_or_lead_rebound,,lt_40,,,,0.547,0.4701,0.6239,comeback_by_deficit_inning_opponent_run_prevention.csv,,0.4786,0.4359,0.4188
-4.034,1.914,1.828,116,down_4,0.1983,,,early_1_3,,,,high_score_next_2_rebound,,,,,,0.431,0.5345,0.6293,comeback_by_deficit_inning_strength.csv,55_60,0.25,0.2328,0.2155
1.455,1.598,1.214,112,,,0.2946,0.7679,middle_6,up_2,0.4107,0.4107,leader_under_pressure,,,0.4196,0.5179,0.2679,,,,lead_protection_by_lead_inning_team_strength.csv,40_45,,,
7.089,1.205,1.571,112,,,0.0804,0.9196,early_1_3,up_5_plus,0.0536,0.4554,leader_under_pressure,,,0.3929,0.5804,0.0804,,,,lead_protection_by_lead_inning_team_strength.csv,60_plus,,,
,,,112,,0.2768,,,middle_6,,,,high_score_next_2_rebound,lt_40,,,,,,0.4554,0.6875,response_after_allowed_by_inning_offense.csv,,,,
-0.4,1.055,1.482,110,down_1,0.4545,,,middle_6,,,,high_tie_or_lead_rebound,,lt_40,,,,0.4545,0.3909,0.5636,comeback_by_deficit_inning_opponent_run_prevention.csv,,0.5545,0.5182,0.9818
-7.245,1.736,1.445,110,down_5_plus,0.0727,,,early_1_3,,,,high_score_next_2_rebound,,,,,,0.4727,0.4727,0.6818,comeback_by_deficit_inning_strength.csv,lt_40,0.1545,0.1182,0.0636
6.434,1.0,1.321,106,,,0.0094,1.0,middle_6,up_5_plus,0.0283,0.4528,leader_under_pressure,,,0.3302,0.5094,0.0094,,,,lead_protection_by_lead_inning_team_strength.csv,40_45,,,
2.133,1.362,1.238,105,,,0.2857,0.7714,middle_6,up_3,0.2,0.4286,leader_under_pressure,,,0.3524,0.5905,0.2476,,,,lead_protection_by_lead_inning_team_strength.csv,40_45,,,
3.904,1.865,1.558,104,,,0.1923,0.8462,early_1_3,up_4,0.2212,0.5,leader_under_pressure,,,0.5673,0.6731,0.1923,,,,lead_protection_by_lead_inning_team_strength.csv,40_45,,,
-5.779,1.365,1.269,104,down_5_plus,0.0481,,,early_1_3,,,,high_score_next_2_rebound,,,,,,0.4615,0.4038,0.5865,comeback_by_deficit_inning_strength.csv,55_60,0.0865,0.0865,0.0481
5.165,1.34,1.67,103,,,0.233,0.835,early_1_3,up_4,0.233,0.4078,leader_under_pressure,,,0.3883,0.5049,0.1845,,,,lead_protection_by_lead_inning_team_strength.csv,60_plus,,,
-2.913,1.291,1.311,103,down_3,0.1553,,,middle_6,,,,high_score_next_2_rebound,,,,,,0.5049,0.4272,0.6214,comeback_by_deficit_inning_strength.csv,55_60,0.2621,0.1942,0.2913
-6.5,1.69,1.83,100,down_5_plus,0.1,,,f5_1_5,,,,high_score_next_2_rebound,,,,,,0.46,0.48,0.59,comeback_by_deficit_inning_strength.csv,60_plus,0.1,0.1,0.15
