id,game_pk,checked_at,status,inning,inning_half,outs,away_score,home_score,balls,strikes,runner_state,current_batter,current_pitcher
17719,824991,2026-06-17T00:15:17.284315,Live,8,bottom,1,5,5,1,2,1--,Colby Thomas,Mason Montgomery
17718,824912,2026-06-17T00:15:16.194114,Live,2,bottom,0,3,2,0,0,,Mike Yastrzemski,Adrian Houser
17717,824991,2026-06-17T00:14:44.808768,Live,8,bottom,1,5,5,1,2,1--,Colby Thomas,Mason Montgomery
17716,824912,2026-06-17T00:14:43.728300,Live,2,bottom,0,3,2,0,0,,Mike Yastrzemski,Adrian Houser
17715,824991,2026-06-17T00:14:12.477721,Live,8,bottom,1,5,5,1,2,1--,Colby Thomas,Mason Montgomery
17714,824912,2026-06-17T00:14:11.478605,Live,2,bottom,0,3,2,0,0,,Mike Yastrzemski,Adrian Houser
17713,824991,2026-06-17T00:13:40.244287,Live,8,bottom,1,5,5,0,1,1--,Colby Thomas,Mason Montgomery
17712,824912,2026-06-17T00:13:39.249404,Live,2,bottom,0,3,2,0,0,,Mike Yastrzemski,Adrian Houser
17711,824991,2026-06-17T00:13:08.066066,Live,8,bottom,1,5,5,0,0,1--,Colby Thomas,Mason Montgomery
17710,824912,2026-06-17T00:13:07.010502,Live,2,bottom,0,3,2,0,0,,Mike Yastrzemski,Adrian Houser
17709,824991,2026-06-17T00:12:35.669783,Live,8,bottom,1,5,5,4,1,1--,Zack Gelof,Mason Montgomery
17708,824912,2026-06-17T00:12:34.675901,Live,2,bottom,0,3,2,0,0,,Mike Yastrzemski,Adrian Houser
17707,824991,2026-06-17T00:12:03.203857,Live,8,bottom,1,5,5,3,1,,Zack Gelof,Mason Montgomery
17706,824912,2026-06-17T00:12:02.211016,Live,2,bottom,0,3,2,0,0,,Mike Yastrzemski,Adrian Houser
17705,825070,2026-06-17T00:11:30.883225,Final,9,bottom,3,7,0,0,1,,Nolan Arenado,Chase Silseth
17704,824991,2026-06-17T00:11:29.849691,Live,8,bottom,1,5,5,2,0,,Zack Gelof,Mason Montgomery
17703,824912,2026-06-17T00:11:28.884172,Live,2,bottom,0,3,2,0,0,,Mike Yastrzemski,Adrian Houser
17702,825070,2026-06-17T00:10:57.570519,Live,9,bottom,3,7,0,0,1,,Nolan Arenado,Chase Silseth
17701,824991,2026-06-17T00:10:56.470820,Live,8,bottom,1,5,5,0,0,,Zack Gelof,Mason Montgomery
17700,824912,2026-06-17T00:10:55.333851,Live,2,bottom,0,3,2,0,0,,Mike Yastrzemski,Adrian Houser
17699,825070,2026-06-17T00:10:24.089710,Live,9,bottom,2,7,0,0,1,-2-,Nolan Arenado,Chase Silseth
17698,824991,2026-06-17T00:10:23.042691,Live,8,bottom,0,5,5,1,2,,Max Muncy,Mason Montgomery
17697,824912,2026-06-17T00:10:22.019356,Live,2,bottom,0,3,2,0,0,,Mike Yastrzemski,Adrian Houser
17696,825070,2026-06-17T00:09:50.642987,Live,9,bottom,2,7,0,0,0,1--,Nolan Arenado,Chase Silseth
17695,824991,2026-06-17T00:09:49.560409,Live,8,bottom,0,5,5,1,1,,Max Muncy,Mason Montgomery
17694,824912,2026-06-17T00:09:48.413772,Live,2,bottom,0,3,2,0,0,,Mike Yastrzemski,Adrian Houser
17693,825070,2026-06-17T00:09:17.053801,Live,9,bottom,1,7,0,1,2,1--,Lourdes Gurriel Jr.,Chase Silseth
17692,824991,2026-06-17T00:09:15.697784,Live,8,bottom,0,5,5,0,0,,Carlos Cortes,Mason Montgomery
17691,824912,2026-06-17T00:09:14.663826,Live,2,bottom,0,3,2,0,0,,Mike Yastrzemski,Adrian Houser
17690,825070,2026-06-17T00:08:43.123200,Live,9,bottom,1,7,0,0,2,1--,Lourdes Gurriel Jr.,Chase Silseth
17689,824991,2026-06-17T00:08:42.063484,Live,8,bottom,0,5,5,0,0,,Carlos Cortes,Mason Montgomery
17688,824912,2026-06-17T00:08:41.074814,Live,2,bottom,0,3,2,0,0,,Mike Yastrzemski,Adrian Houser
17687,825070,2026-06-17T00:08:09.764571,Live,9,bottom,1,7,0,2,2,1--,Corbin Carroll,Chase Silseth
17686,824991,2026-06-17T00:08:08.668360,Live,8,top,3,5,5,2,1,,Jared Triolo,Mark Leiter Jr.
17685,824912,2026-06-17T00:08:07.247798,Live,2,bottom,0,3,2,0,0,,Mike Yastrzemski,Adrian Houser
17684,825070,2026-06-17T00:07:35.768472,Live,9,bottom,1,7,0,2,2,,Corbin Carroll,Chase Silseth
17683,824991,2026-06-17T00:07:34.497784,Live,8,top,3,5,5,2,1,,Jared Triolo,Mark Leiter Jr.
17682,824912,2026-06-17T00:07:33.269457,Live,2,bottom,0,3,2,0,0,,Mike Yastrzemski,Adrian Houser
17681,825070,2026-06-17T00:07:01.680825,Live,9,bottom,1,7,0,1,2,,Corbin Carroll,Chase Silseth
17680,824991,2026-06-17T00:07:00.395423,Live,8,top,2,5,5,2,1,-2-,Jared Triolo,Mark Leiter Jr.
17679,824912,2026-06-17T00:06:59.148330,Live,2,bottom,0,3,2,0,0,,Mike Yastrzemski,Adrian Houser
17678,825070,2026-06-17T00:06:27.592994,Live,9,bottom,1,7,0,0,1,,Corbin Carroll,Chase Silseth
17677,824991,2026-06-17T00:06:26.326172,Live,8,top,2,5,5,1,1,-2-,Jared Triolo,Mark Leiter Jr.
17676,824912,2026-06-17T00:06:25.161429,Live,2,bottom,0,3,2,0,0,,Mike Yastrzemski,Adrian Houser
17675,825070,2026-06-17T00:05:53.636239,Live,9,bottom,1,7,0,3,3,,Geraldo Perdomo,Chase Silseth
17674,824991,2026-06-17T00:05:52.331994,Live,8,top,2,5,5,0,0,-2-,Jared Triolo,Mark Leiter Jr.
17673,824912,2026-06-17T00:05:51.075882,Live,2,bottom,0,3,2,0,0,,Mike Yastrzemski,Adrian Houser
17672,825070,2026-06-17T00:05:19.489407,Live,9,bottom,0,7,0,2,2,,Geraldo Perdomo,Chase Silseth
17671,824991,2026-06-17T00:05:18.187906,Live,8,top,1,5,5,0,0,1--,Jake Mangum,Mark Leiter Jr.
17670,824912,2026-06-17T00:05:16.965856,Live,2,bottom,0,3,2,0,0,,Mike Yastrzemski,Adrian Houser
17669,825070,2026-06-17T00:04:45.385556,Live,9,bottom,0,7,0,2,2,,Geraldo Perdomo,Chase Silseth
17668,824991,2026-06-17T00:04:44.127588,Live,8,top,1,5,5,0,2,,Tyler Callihan,Mark Leiter Jr.
17667,824912,2026-06-17T00:04:42.910307,Live,2,bottom,0,3,2,0,0,,Mike Yastrzemski,Adrian Houser
17666,825070,2026-06-17T00:04:11.364223,Live,9,bottom,0,7,0,0,1,,Geraldo Perdomo,Chase Silseth
17665,824991,2026-06-17T00:04:10.028065,Live,8,top,1,5,5,0,1,,Tyler Callihan,Mark Leiter Jr.
17664,824912,2026-06-17T00:04:08.797579,Live,2,bottom,0,3,2,0,0,,Mike Yastrzemski,Adrian Houser
17663,825070,2026-06-17T00:03:37.182627,Live,9,bottom,0,7,0,0,0,,Geraldo Perdomo,Chase Silseth
17662,824991,2026-06-17T00:03:35.811465,Live,8,top,0,5,5,0,0,,Endy Rodríguez,Mark Leiter Jr.
17661,824912,2026-06-17T00:03:34.509472,Live,2,bottom,0,3,2,0,0,,Mike Yastrzemski,Adrian Houser
17660,825070,2026-06-17T00:03:02.868256,Live,9,bottom,0,7,0,0,0,,Geraldo Perdomo,Chase Silseth
17659,824991,2026-06-17T00:03:01.531767,Live,7,bottom,3,5,5,0,1,,Jacob Wilson,Yohan Ramírez
17658,824912,2026-06-17T00:03:00.196566,Live,2,bottom,0,3,2,0,0,,Mike Yastrzemski,Adrian Houser
17657,823939,2026-06-17T00:02:58.908635,Final,9,top,3,0,1,0,0,,Jonathan Aranda,Tanner Scott
17656,825070,2026-06-17T00:02:27.298873,Live,9,bottom,0,7,0,0,0,,Geraldo Perdomo,Chase Silseth
17655,824991,2026-06-17T00:02:26.040755,Live,7,bottom,3,5,5,0,1,,Jacob Wilson,Yohan Ramírez
17654,824912,2026-06-17T00:02:24.761161,Live,2,bottom,0,3,2,0,0,,Mike Yastrzemski,Adrian Houser
17653,823939,2026-06-17T00:02:23.489204,Live,9,top,3,0,1,0,0,,Jonathan Aranda,Tanner Scott
17652,825070,2026-06-17T00:01:51.881316,Live,9,top,3,7,0,0,2,,Nick Madrigal,Drey Jameson
17651,824991,2026-06-17T00:01:50.561747,Live,7,bottom,3,5,5,0,1,,Jacob Wilson,Yohan Ramírez
17650,824912,2026-06-17T00:01:49.284997,Live,2,bottom,0,3,2,0,0,,Mike Yastrzemski,Adrian Houser
17649,823939,2026-06-17T00:01:48.043289,Live,9,top,2,0,1,1,3,,Austin Slater,Tanner Scott
17648,825070,2026-06-17T00:01:16.347371,Live,9,top,2,7,0,0,2,,Nick Madrigal,Drey Jameson
17647,824991,2026-06-17T00:01:15.026058,Live,7,bottom,2,5,5,0,1,1-3,Jacob Wilson,Yohan Ramírez
17646,824912,2026-06-17T00:01:13.804110,Live,2,bottom,0,3,2,0,0,,Mike Yastrzemski,Adrian Houser
17645,823939,2026-06-17T00:01:12.545723,Live,9,top,1,0,1,1,2,,Austin Slater,Tanner Scott
17644,825070,2026-06-17T00:00:40.949471,Live,9,top,2,7,0,0,0,,Nick Madrigal,Drey Jameson
17643,824991,2026-06-17T00:00:39.621525,Live,7,bottom,2,5,5,0,0,1-3,Jacob Wilson,Yohan Ramírez
17642,824912,2026-06-17T00:00:38.358011,Live,2,bottom,0,3,2,0,0,,Mike Yastrzemski,Adrian Houser
17641,823939,2026-06-17T00:00:37.070342,Live,9,top,1,0,1,1,0,,Austin Slater,Tanner Scott
17640,825070,2026-06-17T00:00:05.432016,Live,9,top,1,7,0,1,2,,Jo Adell,Drey Jameson
17639,824991,2026-06-17T00:00:04.074098,Live,7,bottom,2,5,5,0,0,--3,Tyler Soderstrom,Yohan Ramírez
17638,824912,2026-06-17T00:00:02.745880,Live,2,bottom,0,3,2,0,0,,Mike Yastrzemski,Adrian Houser
17637,823939,2026-06-17T00:00:01.475131,Live,9,top,0,0,1,1,2,,Yandy Díaz,Tanner Scott
17636,825070,2026-06-16T23:59:29.821544,Live,9,top,1,7,0,1,1,,Jo Adell,Drey Jameson
17635,824991,2026-06-16T23:59:28.486718,Live,7,bottom,1,5,5,1,1,--3,Shea Langeliers,Yohan Ramírez
17634,824912,2026-06-16T23:59:27.253312,Live,2,bottom,0,3,2,0,0,,Mike Yastrzemski,Adrian Houser
17633,823939,2026-06-16T23:59:25.987742,Live,9,top,0,0,1,1,2,,Yandy Díaz,Tanner Scott
17632,823128,2026-06-16T23:59:24.711728,Final,9,top,3,1,3,2,2,,Samuel Basallo,Andrés Muñoz
17631,825070,2026-06-16T23:58:53.159507,Live,9,top,1,7,0,0,0,,Jo Adell,Drey Jameson
17630,824991,2026-06-16T23:58:51.865870,Live,7,bottom,1,5,5,0,1,-2-,Shea Langeliers,Yohan Ramírez
17629,824912,2026-06-16T23:58:50.623968,Live,2,bottom,0,3,2,0,0,,Mike Yastrzemski,Adrian Houser
17628,823939,2026-06-16T23:58:49.420486,Live,9,top,0,0,1,0,2,,Yandy Díaz,Tanner Scott
17627,823128,2026-06-16T23:58:48.120899,Live,9,top,2,1,3,2,2,1--,Samuel Basallo,Andrés Muñoz
17626,825070,2026-06-16T23:58:16.466646,Live,9,top,0,7,0,0,2,,Nolan Schanuel,Drey Jameson
17625,824991,2026-06-16T23:58:15.128314,Live,7,bottom,1,5,5,0,0,-2-,Shea Langeliers,Yohan Ramírez
17624,824912,2026-06-16T23:58:13.790786,Live,2,bottom,0,3,2,0,0,,Mike Yastrzemski,Adrian Houser
17623,823939,2026-06-16T23:58:12.431434,Live,9,top,0,0,1,0,0,,Yandy Díaz,Tanner Scott
17622,823128,2026-06-16T23:58:11.101616,Live,9,top,2,1,3,1,1,1--,Samuel Basallo,Andrés Muñoz
17621,825070,2026-06-16T23:57:39.488772,Live,9,top,0,7,0,0,1,,Nolan Schanuel,Drey Jameson
17620,824991,2026-06-16T23:57:38.201776,Live,7,bottom,1,5,5,0,0,-2-,Shea Langeliers,Yohan Ramírez
17619,824912,2026-06-16T23:57:36.940859,Live,2,bottom,0,3,2,0,0,,Mike Yastrzemski,Adrian Houser
17618,823939,2026-06-16T23:57:35.727312,Live,8,bottom,3,0,1,0,1,,Andy Pages,Cam Booser
17617,823128,2026-06-16T23:57:34.475936,Live,9,top,2,1,3,1,0,1--,Samuel Basallo,Andrés Muñoz
17616,825070,2026-06-16T23:57:02.923787,Live,9,top,0,7,0,0,0,,Nolan Schanuel,Drey Jameson
17615,824991,2026-06-16T23:57:01.641393,Live,7,bottom,1,5,5,0,0,-2-,Shea Langeliers,Yohan Ramírez
17614,824912,2026-06-16T23:57:00.445918,Live,2,bottom,0,3,2,0,0,,Mike Yastrzemski,Adrian Houser
17613,823939,2026-06-16T23:56:59.181146,Live,8,bottom,3,0,1,0,1,,Andy Pages,Cam Booser
17612,823128,2026-06-16T23:56:57.891382,Live,9,top,1,1,3,0,3,1--,Pete Alonso,Andrés Muñoz
17611,825070,2026-06-16T23:56:26.279427,Live,8,bottom,3,7,0,1,0,,Ketel Marte,Kirby Yates
17610,824991,2026-06-16T23:56:25.057232,Live,7,bottom,1,5,5,0,0,-2-,Shea Langeliers,Evan Sisk
17609,824912,2026-06-16T23:56:23.819298,Live,2,bottom,0,3,2,0,0,,Mike Yastrzemski,Adrian Houser
17608,823939,2026-06-16T23:56:22.622920,Live,8,bottom,3,0,1,0,1,,Andy Pages,Cam Booser
17607,823128,2026-06-16T23:56:21.342744,Live,9,top,1,1,3,0,2,1--,Pete Alonso,Andrés Muñoz
17606,825070,2026-06-16T23:55:49.679660,Live,8,bottom,3,7,0,1,0,,Ketel Marte,Kirby Yates
17605,824991,2026-06-16T23:55:48.400073,Live,7,bottom,0,5,5,1,3,-2-,Nick Kurtz,Evan Sisk
17604,824912,2026-06-16T23:55:47.105758,Live,2,bottom,0,3,2,0,0,,Mike Yastrzemski,Adrian Houser
17603,823939,2026-06-16T23:55:45.799276,Live,8,bottom,2,0,1,0,1,,Andy Pages,Cam Booser
17602,823128,2026-06-16T23:55:44.484490,Live,9,top,1,1,3,0,2,1--,Pete Alonso,Andrés Muñoz
17601,825070,2026-06-16T23:55:12.782743,Live,8,bottom,2,7,0,1,0,1--,Ketel Marte,Kirby Yates
17600,824991,2026-06-16T23:55:11.444871,Live,7,bottom,0,5,5,0,2,-2-,Nick Kurtz,Evan Sisk
17599,824912,2026-06-16T23:55:10.288090,Live,2,bottom,0,3,2,0,0,,Mike Yastrzemski,Adrian Houser
17598,823939,2026-06-16T23:55:09.125561,Live,8,bottom,1,0,1,1,2,,Shohei Ohtani,Cam Booser
17597,823128,2026-06-16T23:55:07.828691,Live,9,top,1,1,3,1,2,1--,Adley Rutschman,Andrés Muñoz
17596,825070,2026-06-16T23:54:36.259146,Live,8,bottom,2,7,0,1,0,1--,Ketel Marte,Kirby Yates
17595,824991,2026-06-16T23:54:34.958844,Live,7,bottom,0,5,5,0,1,-2-,Nick Kurtz,Evan Sisk
17594,824912,2026-06-16T23:54:33.710875,Live,2,bottom,0,3,2,0,0,,Mike Yastrzemski,Adrian Houser
17593,823939,2026-06-16T23:54:32.496638,Live,8,bottom,1,0,1,0,1,,Shohei Ohtani,Cam Booser
17592,823128,2026-06-16T23:54:31.200712,Live,9,top,1,1,3,1,2,,Adley Rutschman,Andrés Muñoz
17591,825070,2026-06-16T23:53:59.688532,Live,8,bottom,2,7,0,0,0,1--,Ketel Marte,Kirby Yates
17590,824991,2026-06-16T23:53:58.403020,Live,7,bottom,0,5,5,2,1,,Alika Williams,Evan Sisk
17589,824912,2026-06-16T23:53:57.170541,Live,2,bottom,0,3,2,0,0,,Mike Yastrzemski,Adrian Houser
17588,823939,2026-06-16T23:53:55.899960,Live,8,bottom,1,0,1,0,0,,Chuckie Robinson,Cam Booser
17587,823128,2026-06-16T23:53:54.648094,Live,9,top,1,1,3,1,2,,Adley Rutschman,Andrés Muñoz
17586,825070,2026-06-16T23:53:23.032854,Live,8,bottom,2,7,0,3,1,,Pavin Smith,Kirby Yates
17585,824991,2026-06-16T23:53:21.694260,Live,7,bottom,0,5,5,1,1,,Alika Williams,Evan Sisk
17584,824912,2026-06-16T23:53:20.410698,Live,2,bottom,0,3,2,0,0,,Mike Yastrzemski,Adrian Houser
17583,823939,2026-06-16T23:53:19.216188,Live,8,bottom,0,0,1,0,0,,Chuckie Robinson,Cam Booser
17582,823128,2026-06-16T23:53:17.927504,Live,9,top,1,1,3,0,0,,Adley Rutschman,Andrés Muñoz
17581,825070,2026-06-16T23:52:46.381385,Live,8,bottom,2,7,0,2,0,,Pavin Smith,Kirby Yates
17580,824991,2026-06-16T23:52:45.078253,Live,7,bottom,0,5,5,0,0,,Alika Williams,Evan Sisk
17579,824912,2026-06-16T23:52:43.850082,Live,2,bottom,0,3,2,0,0,,Mike Yastrzemski,Adrian Houser
17578,823939,2026-06-16T23:52:42.630659,Live,8,bottom,0,0,1,0,0,,Chuckie Robinson,Cam Booser
17577,823128,2026-06-16T23:52:41.364010,Live,9,top,1,1,3,0,0,,Adley Rutschman,Andrés Muñoz
17576,825070,2026-06-16T23:52:09.791576,Live,8,bottom,2,7,0,1,0,,Pavin Smith,Kirby Yates
17575,824991,2026-06-16T23:52:08.480812,Live,7,top,3,5,5,2,1,,Nick Gonzales,Hogan Harris
17574,824912,2026-06-16T23:52:07.219629,Live,2,bottom,0,3,2,0,0,,Mike Yastrzemski,Adrian Houser
17573,823939,2026-06-16T23:52:05.919738,Live,8,top,3,0,1,0,3,,Taylor Walls,Kyle Hurt
17572,823128,2026-06-16T23:52:04.648658,Live,9,top,1,1,3,1,1,,Gunnar Henderson,Andrés Muñoz
17571,825070,2026-06-16T23:51:33.122019,Live,8,bottom,1,7,0,3,1,,Adrian Del Castillo,Kirby Yates
17570,824991,2026-06-16T23:51:31.855034,Live,7,top,3,5,5,2,1,,Nick Gonzales,Hogan Harris
17569,824912,2026-06-16T23:51:30.625079,Live,2,bottom,0,3,2,0,0,,Mike Yastrzemski,Adrian Houser
17568,823939,2026-06-16T23:51:29.366575,Live,8,top,3,0,1,0,3,,Taylor Walls,Kyle Hurt
17567,823128,2026-06-16T23:51:28.098500,Live,9,top,0,1,3,0,1,,Gunnar Henderson,Andrés Muñoz
17566,825070,2026-06-16T23:50:56.479840,Live,8,bottom,1,7,0,1,1,,Adrian Del Castillo,Kirby Yates
17565,824991,2026-06-16T23:50:55.130423,Live,7,top,3,5,5,2,1,,Nick Gonzales,Hogan Harris
17564,824912,2026-06-16T23:50:53.803673,Live,2,bottom,0,3,2,0,0,,Mike Yastrzemski,Adrian Houser
17563,823939,2026-06-16T23:50:52.553687,Live,8,top,2,0,1,0,2,,Taylor Walls,Kyle Hurt
17562,823128,2026-06-16T23:50:51.250221,Live,9,top,0,1,3,0,0,,Gunnar Henderson,Andrés Muñoz
17561,825070,2026-06-16T23:50:19.591811,Live,8,bottom,1,7,0,1,0,,Adrian Del Castillo,Kirby Yates
17560,824991,2026-06-16T23:50:18.268440,Live,7,top,2,5,5,2,1,1--,Nick Gonzales,Hogan Harris
17559,824912,2026-06-16T23:50:17.009967,Live,2,bottom,0,3,2,0,0,,Mike Yastrzemski,Adrian Houser
17558,823939,2026-06-16T23:50:15.727138,Live,8,top,2,0,1,0,1,,Taylor Walls,Kyle Hurt
17557,823128,2026-06-16T23:50:14.499948,Live,9,top,0,1,3,0,0,,Gunnar Henderson,Andrés Muñoz
17556,825070,2026-06-16T23:49:42.893367,Live,8,bottom,0,7,0,0,3,,Jordan Lawlar,Kirby Yates
17555,824991,2026-06-16T23:49:41.577349,Live,7,top,2,5,5,1,0,1--,Nick Gonzales,Hogan Harris
17554,824912,2026-06-16T23:49:40.353069,Live,2,bottom,0,3,2,0,0,,Mike Yastrzemski,Adrian Houser
17553,823939,2026-06-16T23:49:39.119355,Live,8,top,1,0,1,0,2,,Nick Fortes,Kyle Hurt
17552,823128,2026-06-16T23:49:37.802517,Live,8,bottom,3,1,3,0,1,,Victor Robles,Keegan Akin
17551,825070,2026-06-16T23:49:06.157209,Live,8,bottom,0,7,0,0,1,,Jordan Lawlar,Kirby Yates
17550,824991,2026-06-16T23:49:04.851611,Live,7,top,2,5,5,0,0,1--,Nick Gonzales,Hogan Harris
17549,824912,2026-06-16T23:49:03.615523,Live,2,bottom,0,3,2,0,0,,Mike Yastrzemski,Adrian Houser
17548,823939,2026-06-16T23:49:02.326512,Live,8,top,1,0,1,0,2,,Nick Fortes,Kyle Hurt
17547,823128,2026-06-16T23:49:01.027194,Live,8,bottom,1,1,3,0,1,12-,Victor Robles,Keegan Akin
17546,825070,2026-06-16T23:48:29.404377,Live,8,bottom,0,7,0,0,0,,Jordan Lawlar,Kirby Yates
17545,824991,2026-06-16T23:48:28.118014,Live,7,top,2,5,5,0,0,,Ryan O'Hearn,Hogan Harris
17544,824912,2026-06-16T23:48:26.799502,Live,2,bottom,0,3,2,0,0,,Mike Yastrzemski,Adrian Houser
17543,823939,2026-06-16T23:48:25.490738,Live,8,top,0,0,1,0,2,,Chandler Simpson,Kyle Hurt
17542,823128,2026-06-16T23:48:24.183055,Live,8,bottom,1,1,3,0,1,12-,Victor Robles,Keegan Akin
17541,825070,2026-06-16T23:47:52.576954,Live,8,bottom,0,7,0,0,0,,Jordan Lawlar,Kirby Yates
17540,824991,2026-06-16T23:47:51.225217,Live,7,top,2,5,5,0,0,,Ryan O'Hearn,Hogan Harris
17539,824912,2026-06-16T23:47:50.025772,Live,2,bottom,0,3,2,0,0,,Mike Yastrzemski,Adrian Houser
17538,823939,2026-06-16T23:47:48.805323,Live,8,top,0,0,1,0,1,,Chandler Simpson,Kyle Hurt
17537,823128,2026-06-16T23:47:47.492661,Live,8,bottom,1,1,3,1,0,12-,Cole Young,Keegan Akin
17536,825070,2026-06-16T23:47:15.676804,Live,8,top,3,7,0,0,3,,Mike Trout,Drey Jameson
17535,824991,2026-06-16T23:47:14.077879,Live,7,top,2,3,5,0,0,1--,Bryan Reynolds,Hogan Harris
17534,824912,2026-06-16T23:47:12.565320,Live,2,bottom,0,3,2,0,0,,Mike Yastrzemski,Adrian Houser
17533,823939,2026-06-16T23:47:11.013391,Live,8,top,0,0,1,0,0,,Chandler Simpson,Kyle Hurt
17532,823128,2026-06-16T23:47:09.416827,Live,8,bottom,0,1,3,0,0,12-,Cole Young,Keegan Akin
17531,825070,2026-06-16T23:46:37.421263,Live,8,top,3,7,0,0,3,,Mike Trout,Drey Jameson
17530,824991,2026-06-16T23:46:35.768097,Live,7,top,1,3,5,3,2,1--,Brandon Lowe,Hogan Harris
17529,824912,2026-06-16T23:46:34.154507,Live,2,bottom,0,3,2,0,0,,Mike Yastrzemski,Adrian Houser
17528,823939,2026-06-16T23:46:32.573055,Live,8,top,0,0,1,0,0,,Chandler Simpson,Kyle Hurt
17527,823128,2026-06-16T23:46:31.187517,Live,8,bottom,0,1,3,3,2,1--,Rob Refsnyder,Keegan Akin
17526,825070,2026-06-16T23:45:59.613238,Live,8,top,2,7,0,0,2,-2-,Mike Trout,Drey Jameson
17525,824991,2026-06-16T23:45:58.339054,Live,7,top,1,3,5,3,1,1--,Brandon Lowe,Hogan Harris
17524,824912,2026-06-16T23:45:57.142452,Live,2,bottom,0,3,2,0,0,,Mike Yastrzemski,Adrian Houser
17523,823939,2026-06-16T23:45:55.956152,Live,7,bottom,3,0,1,2,3,,Alex Freeland,Drew Rasmussen
17522,823128,2026-06-16T23:45:54.703696,Live,8,bottom,0,1,3,2,2,1--,Rob Refsnyder,Keegan Akin
17521,825070,2026-06-16T23:45:23.106449,Live,8,top,2,7,0,0,0,-2-,Mike Trout,Drey Jameson
17520,824991,2026-06-16T23:45:21.814376,Live,7,top,1,3,5,2,0,1--,Brandon Lowe,Hogan Harris
17519,824912,2026-06-16T23:45:20.478268,Live,2,bottom,0,3,2,0,0,,Mike Yastrzemski,Adrian Houser
17518,823939,2026-06-16T23:45:19.228002,Live,7,bottom,3,0,1,2,3,,Alex Freeland,Drew Rasmussen
17517,823128,2026-06-16T23:45:17.886713,Live,8,bottom,0,1,3,1,1,1--,Rob Refsnyder,Keegan Akin
17516,825070,2026-06-16T23:44:46.283145,Live,8,top,1,7,0,3,2,-2-,Zach Neto,Drey Jameson
17515,824991,2026-06-16T23:44:44.929438,Live,7,top,1,3,5,0,0,1--,Brandon Lowe,Hogan Harris
17514,824912,2026-06-16T23:44:43.649200,Live,2,bottom,0,3,2,0,0,,Mike Yastrzemski,Adrian Houser
17513,823939,2026-06-16T23:44:42.322969,Live,7,bottom,2,0,1,2,2,,Alex Freeland,Drew Rasmussen
17512,823128,2026-06-16T23:44:40.985797,Live,8,bottom,0,1,3,0,0,1--,Rob Refsnyder,Keegan Akin
17511,825070,2026-06-16T23:44:09.334778,Live,8,top,1,7,0,2,1,-2-,Zach Neto,Drey Jameson
17510,824991,2026-06-16T23:44:08.018655,Live,7,top,1,3,5,3,1,,Spencer Horwitz,Hogan Harris
17509,824912,2026-06-16T23:44:06.732448,Live,2,bottom,0,3,2,0,0,,Mike Yastrzemski,Adrian Houser
17508,823939,2026-06-16T23:44:05.463902,Live,7,bottom,2,0,1,2,2,,Alex Freeland,Drew Rasmussen
17507,823128,2026-06-16T23:44:04.127877,Live,8,bottom,0,1,3,2,2,,Dominic Canzone,Keegan Akin
17506,825070,2026-06-16T23:43:32.431005,Live,8,top,1,7,0,0,1,-2-,Zach Neto,Drey Jameson
17505,824991,2026-06-16T23:43:31.134132,Live,7,top,1,3,5,0,1,,Spencer Horwitz,Hogan Harris
17504,824912,2026-06-16T23:43:29.859367,Live,2,bottom,0,3,2,0,0,,Mike Yastrzemski,Adrian Houser
17503,823939,2026-06-16T23:43:28.615766,Live,7,bottom,2,0,1,1,1,,Alex Freeland,Drew Rasmussen
17502,823128,2026-06-16T23:43:27.344068,Live,8,bottom,0,1,3,2,0,,Dominic Canzone,Keegan Akin
17501,825070,2026-06-16T23:42:55.646994,Live,8,top,1,7,0,0,1,-2-,Zach Neto,Drey Jameson
17500,824991,2026-06-16T23:42:54.308620,Live,7,top,0,3,5,2,2,,Jared Triolo,Hogan Harris
17499,824912,2026-06-16T23:42:53.024876,Live,2,bottom,0,3,2,0,0,,Mike Yastrzemski,Adrian Houser
17498,823939,2026-06-16T23:42:51.751980,Live,7,bottom,2,0,1,0,0,,Alex Freeland,Drew Rasmussen
17497,823128,2026-06-16T23:42:50.398962,Live,8,bottom,0,1,3,0,0,,Dominic Canzone,Keegan Akin
17496,825070,2026-06-16T23:42:18.763538,Live,8,top,1,6,0,1,1,-2-,Donovan Walton,Drey Jameson
17495,824991,2026-06-16T23:42:17.462986,Live,7,top,0,3,5,1,2,,Jared Triolo,Hogan Harris
17494,824912,2026-06-16T23:42:16.141633,Live,2,bottom,0,3,2,0,0,,Mike Yastrzemski,Adrian Houser
17493,823939,2026-06-16T23:42:14.813211,Live,7,bottom,1,0,1,1,2,,Ryan Ward,Drew Rasmussen
17492,823128,2026-06-16T23:42:13.518145,Live,8,bottom,0,1,3,0,0,,Dominic Canzone,Keegan Akin
17491,825070,2026-06-16T23:41:41.879216,Live,8,top,1,6,0,0,1,1--,Donovan Walton,Drey Jameson
17490,824991,2026-06-16T23:41:40.571384,Live,7,top,0,3,5,1,2,,Jared Triolo,Hogan Harris
17489,824912,2026-06-16T23:41:39.382681,Live,2,bottom,0,3,2,0,0,,Mike Yastrzemski,Adrian Houser
17488,823939,2026-06-16T23:41:38.059515,Live,7,bottom,1,0,1,0,1,,Ryan Ward,Drew Rasmussen
17487,823128,2026-06-16T23:41:36.736687,Live,8,top,3,1,3,0,0,,Taylor Ward,Eduard Bazardo
17486,825070,2026-06-16T23:41:05.065595,Live,8,top,1,6,0,0,0,1--,Donovan Walton,Drey Jameson
17485,824991,2026-06-16T23:41:03.785223,Live,7,top,0,3,5,0,0,,Jared Triolo,Hogan Harris
17484,824912,2026-06-16T23:41:02.517058,Live,2,bottom,0,3,2,0,0,,Mike Yastrzemski,Adrian Houser
17483,823939,2026-06-16T23:41:01.225227,Live,7,bottom,0,0,1,2,2,,Kyle Tucker,Drew Rasmussen
17482,823128,2026-06-16T23:40:59.969019,Live,8,top,3,1,3,0,0,,Taylor Ward,Eduard Bazardo
17481,825070,2026-06-16T23:40:28.396861,Live,8,top,1,6,0,0,1,,Logan O'Hoppe,Drey Jameson
17480,824991,2026-06-16T23:40:27.072865,Live,7,top,0,3,5,0,0,,Jared Triolo,Hogan Harris
17479,824912,2026-06-16T23:40:25.851032,Live,2,bottom,0,3,2,0,0,,Mike Yastrzemski,Adrian Houser
17478,823939,2026-06-16T23:40:24.602875,Live,7,bottom,0,0,1,1,2,,Kyle Tucker,Drew Rasmussen
17477,823128,2026-06-16T23:40:23.353213,Live,8,top,2,1,3,0,0,,Taylor Ward,Eduard Bazardo
17476,825070,2026-06-16T23:39:51.740274,Live,8,top,0,6,0,0,2,,Denzer Guzman,Drey Jameson
17475,824991,2026-06-16T23:39:50.439062,Live,6,bottom,3,3,5,1,3,,Henry Bolte,Evan Sisk
17474,824912,2026-06-16T23:39:49.201048,Live,2,bottom,0,3,2,0,0,,Mike Yastrzemski,Adrian Houser
17473,823939,2026-06-16T23:39:47.929857,Live,7,bottom,0,0,1,0,1,,Kyle Tucker,Drew Rasmussen
17472,823128,2026-06-16T23:39:46.707163,Live,8,top,1,1,3,3,2,,Jackson Holliday,Eduard Bazardo
17471,825070,2026-06-16T23:39:15.073380,Live,8,top,0,6,0,0,1,,Denzer Guzman,Drey Jameson
17470,824991,2026-06-16T23:39:13.791643,Live,6,bottom,3,3,5,1,3,,Henry Bolte,Evan Sisk
17469,824912,2026-06-16T23:39:12.553682,Live,2,bottom,0,3,2,0,0,,Mike Yastrzemski,Adrian Houser
17468,823939,2026-06-16T23:39:11.272136,Live,7,bottom,0,0,1,0,0,,Kyle Tucker,Drew Rasmussen
17467,823128,2026-06-16T23:39:09.992825,Live,8,top,1,1,3,1,2,,Jackson Holliday,Eduard Bazardo
17466,825070,2026-06-16T23:38:38.341035,Live,8,top,0,6,0,0,0,,Denzer Guzman,Drey Jameson
17465,824991,2026-06-16T23:38:37.041260,Live,6,bottom,3,3,5,1,3,,Henry Bolte,Evan Sisk
17464,824912,2026-06-16T23:38:35.804183,Live,2,bottom,0,3,2,0,0,,Mike Yastrzemski,Adrian Houser
17463,823939,2026-06-16T23:38:34.532082,Live,7,top,3,0,1,0,0,,Ben Williamson,Will Klein
17462,823128,2026-06-16T23:38:33.212398,Live,8,top,1,1,3,0,1,,Jackson Holliday,Eduard Bazardo
17461,825070,2026-06-16T23:38:01.549253,Live,7,bottom,3,6,0,1,1,,Ildemaro Vargas,Reid Detmers
17460,824991,2026-06-16T23:38:00.179147,Live,6,bottom,2,3,5,1,1,,Henry Bolte,Evan Sisk
17459,824912,2026-06-16T23:37:58.966078,Live,2,bottom,0,3,2,0,0,,Mike Yastrzemski,Adrian Houser
17458,823939,2026-06-16T23:37:57.680804,Live,7,top,3,0,1,0,0,,Ben Williamson,Will Klein
17457,823128,2026-06-16T23:37:56.384402,Live,8,top,1,1,3,1,0,,Blaze Alexander,Eduard Bazardo
17456,825070,2026-06-16T23:37:24.792274,Live,7,bottom,3,6,0,1,1,,Ildemaro Vargas,Reid Detmers
17455,824991,2026-06-16T23:37:23.453876,Live,6,bottom,2,3,5,0,0,,Henry Bolte,Evan Sisk
17454,824912,2026-06-16T23:37:22.168091,Live,2,bottom,0,3,2,0,0,,Mike Yastrzemski,Adrian Houser
17453,823939,2026-06-16T23:37:20.871588,Live,7,top,3,0,1,0,0,,Ben Williamson,Will Klein
17452,823128,2026-06-16T23:37:19.559748,Live,8,top,0,1,3,0,0,,Blaze Alexander,Eduard Bazardo
17451,825070,2026-06-16T23:36:47.961102,Live,7,bottom,2,6,0,1,1,,Ildemaro Vargas,Reid Detmers
17450,824991,2026-06-16T23:36:46.643274,Live,6,bottom,1,3,5,1,0,,Lawrence Butler,Evan Sisk
17449,824912,2026-06-16T23:36:45.353001,Live,2,bottom,0,3,2,0,0,,Mike Yastrzemski,Adrian Houser
17448,823939,2026-06-16T23:36:44.050913,Live,7,top,1,0,1,0,0,1--,Ben Williamson,Will Klein
17447,823128,2026-06-16T23:36:42.833453,Live,7,bottom,3,1,3,0,1,,Julio Rodríguez,Andrew Kittredge
17446,825070,2026-06-16T23:36:11.241929,Live,7,bottom,2,6,0,0,1,,Ildemaro Vargas,Reid Detmers
17445,824991,2026-06-16T23:36:09.970828,Live,6,bottom,1,3,5,0,0,,Lawrence Butler,Evan Sisk
17444,824912,2026-06-16T23:36:08.710155,Live,2,bottom,0,3,2,0,0,,Mike Yastrzemski,Adrian Houser
17443,823939,2026-06-16T23:36:06.453216,Live,7,top,0,0,1,3,2,1--,Ryan Vilade,Will Klein
17442,823128,2026-06-16T23:36:05.180291,Live,7,bottom,3,1,3,0,1,,Julio Rodríguez,Andrew Kittredge
17441,825070,2026-06-16T23:35:33.581593,Live,7,bottom,1,6,0,0,0,,Nolan Arenado,Reid Detmers
17440,824991,2026-06-16T23:35:32.272141,Live,6,bottom,1,3,5,0,0,,Lawrence Butler,Evan Sisk
17439,824912,2026-06-16T23:35:30.967345,Live,2,bottom,0,3,2,0,0,,Mike Yastrzemski,Adrian Houser
17438,823939,2026-06-16T23:35:29.682896,Live,7,top,0,0,1,2,2,1--,Ryan Vilade,Will Klein
17437,823128,2026-06-16T23:35:28.366794,Live,7,bottom,3,1,3,0,1,,Julio Rodríguez,Andrew Kittredge
17436,825070,2026-06-16T23:34:56.750018,Live,7,bottom,0,6,0,0,1,,Lourdes Gurriel Jr.,Reid Detmers
17435,824991,2026-06-16T23:34:55.475803,Live,6,bottom,1,3,5,0,0,,Lawrence Butler,Evan Sisk
17434,824912,2026-06-16T23:34:54.178999,Live,2,bottom,0,3,2,0,0,,Mike Yastrzemski,Adrian Houser
17433,823939,2026-06-16T23:34:52.917500,Live,7,top,0,0,1,2,0,1--,Ryan Vilade,Will Klein
17432,823128,2026-06-16T23:34:51.625456,Live,7,bottom,1,1,3,0,1,12-,Julio Rodríguez,Andrew Kittredge
17431,825070,2026-06-16T23:34:19.836968,Live,7,bottom,0,6,0,0,1,,Lourdes Gurriel Jr.,Reid Detmers
17430,824991,2026-06-16T23:34:18.489301,Live,6,bottom,1,3,5,0,0,,Lawrence Butler,Mitch Keller
17429,824912,2026-06-16T23:34:17.236751,Live,2,bottom,0,3,2,0,0,,Mike Yastrzemski,Adrian Houser
17428,823939,2026-06-16T23:34:15.895312,Live,7,top,0,0,1,0,1,1--,Ryan Vilade,Will Klein
17427,823128,2026-06-16T23:34:14.668219,Live,7,bottom,1,1,3,0,0,12-,Julio Rodríguez,Andrew Kittredge
17426,825070,2026-06-16T23:33:43.038684,Live,7,bottom,0,6,0,0,0,,Lourdes Gurriel Jr.,Reid Detmers
17425,824991,2026-06-16T23:33:41.787711,Live,6,bottom,1,3,4,2,2,,Zack Gelof,Mitch Keller
17424,824912,2026-06-16T23:33:40.554550,Live,2,bottom,0,3,2,0,0,,Mike Yastrzemski,Adrian Houser
17423,823939,2026-06-16T23:33:39.325138,Live,7,top,0,0,1,3,1,,Junior Caminero,Will Klein
17422,823128,2026-06-16T23:33:38.098578,Live,7,bottom,1,1,3,0,0,12-,Julio Rodríguez,Andrew Kittredge
17421,825070,2026-06-16T23:33:06.508724,Live,7,bottom,0,6,0,0,0,,Lourdes Gurriel Jr.,Reid Detmers
17420,824991,2026-06-16T23:33:05.132035,Live,6,bottom,1,3,4,2,1,,Zack Gelof,Mitch Keller
17419,824912,2026-06-16T23:33:03.841029,Live,2,bottom,0,3,2,0,0,,Mike Yastrzemski,Adrian Houser
17418,823939,2026-06-16T23:33:02.590300,Live,7,top,0,0,1,1,1,,Junior Caminero,Will Klein
17417,823128,2026-06-16T23:33:01.316961,Live,7,bottom,1,1,3,0,0,12-,Julio Rodríguez,Grant Wolfram
17416,825070,2026-06-16T23:32:29.662135,Live,7,top,3,6,0,0,3,,Jose Siri,Brandyn Garcia
17415,824991,2026-06-16T23:32:28.326843,Live,6,bottom,1,3,4,0,0,,Zack Gelof,Mitch Keller
17414,824912,2026-06-16T23:32:27.056156,Live,2,bottom,0,3,2,0,0,,Mike Yastrzemski,Adrian Houser
17413,823939,2026-06-16T23:32:25.823513,Live,7,top,0,0,1,0,0,,Junior Caminero,Will Klein
17412,823128,2026-06-16T23:32:24.532524,Live,7,bottom,1,1,3,0,0,12-,Julio Rodríguez,Grant Wolfram
17411,825070,2026-06-16T23:31:52.954786,Live,7,top,3,6,0,0,3,,Jose Siri,Brandyn Garcia
17410,824991,2026-06-16T23:31:51.661570,Live,6,bottom,0,3,4,3,2,,Carlos Cortes,Mitch Keller
17409,824912,2026-06-16T23:31:50.407724,Live,2,bottom,0,3,2,0,0,,Mike Yastrzemski,Adrian Houser
17408,823939,2026-06-16T23:31:49.167187,Live,6,bottom,3,0,1,0,1,,Max Muncy,Drew Rasmussen
17407,823128,2026-06-16T23:31:47.871323,Live,7,bottom,1,1,3,0,1,12-,Cal Raleigh,Grant Wolfram
17406,825070,2026-06-16T23:31:16.204862,Live,7,top,2,6,0,0,1,,Jose Siri,Brandyn Garcia
17405,824991,2026-06-16T23:31:14.921067,Live,6,bottom,0,3,4,2,2,,Carlos Cortes,Mitch Keller
17404,824912,2026-06-16T23:31:13.694066,Live,2,bottom,0,3,2,0,0,,Mike Yastrzemski,Adrian Houser
17403,823939,2026-06-16T23:31:12.448120,Live,6,bottom,3,0,1,0,1,,Max Muncy,Drew Rasmussen
17402,823128,2026-06-16T23:31:11.111897,Live,7,bottom,1,1,1,0,1,123,Cal Raleigh,Grant Wolfram
17401,825070,2026-06-16T23:30:39.565091,Live,7,top,2,6,0,0,3,,Nick Madrigal,Brandyn Garcia
17400,824991,2026-06-16T23:30:38.235705,Live,6,bottom,0,3,4,1,1,,Carlos Cortes,Mitch Keller
17399,824912,2026-06-16T23:30:36.961374,Live,2,bottom,0,3,2,0,0,,Mike Yastrzemski,Adrian Houser
17398,823939,2026-06-16T23:30:35.669499,Live,6,bottom,3,0,1,0,1,,Max Muncy,Drew Rasmussen
17397,823128,2026-06-16T23:30:34.370185,Live,7,bottom,1,1,1,0,0,123,Cal Raleigh,Grant Wolfram
17396,825070,2026-06-16T23:30:02.842125,Live,7,top,1,6,0,0,2,,Nick Madrigal,Brandyn Garcia
17395,824991,2026-06-16T23:30:01.554114,Live,6,bottom,0,3,4,0,0,,Carlos Cortes,Mitch Keller
17394,824912,2026-06-16T23:30:00.267451,Live,2,bottom,0,3,2,0,0,,Mike Yastrzemski,Adrian Houser
17393,823939,2026-06-16T23:29:58.981631,Live,6,bottom,2,0,1,0,0,1--,Max Muncy,Drew Rasmussen
17392,823128,2026-06-16T23:29:57.687189,Live,7,bottom,1,1,1,0,0,123,Cal Raleigh,Grant Wolfram
17391,825070,2026-06-16T23:29:26.001650,Live,7,top,1,6,0,0,1,,Nick Madrigal,Brandyn Garcia
17390,824991,2026-06-16T23:29:24.658050,Live,6,top,3,3,4,3,2,,Jake Mangum,Justin Sterner
17389,824912,2026-06-16T23:29:23.287601,Live,2,bottom,0,3,2,0,0,,Mike Yastrzemski,Adrian Houser
17388,823939,2026-06-16T23:29:22.019007,Live,6,bottom,1,0,1,0,0,1--,Mookie Betts,Drew Rasmussen
17387,823128,2026-06-16T23:29:20.791329,Live,7,bottom,1,1,1,3,2,-23,J.P. Crawford,Grant Wolfram
17386,825070,2026-06-16T23:28:49.185214,Live,7,top,0,6,0,3,2,,Jo Adell,Brandyn Garcia
17385,824991,2026-06-16T23:28:47.919467,Live,6,top,2,3,4,3,2,1--,Jake Mangum,Justin Sterner
17384,824912,2026-06-16T23:28:46.565220,Live,2,bottom,0,3,2,0,0,,Mike Yastrzemski,Adrian Houser
17383,823939,2026-06-16T23:28:45.291695,Live,6,bottom,1,0,1,0,0,1--,Mookie Betts,Drew Rasmussen
17382,823128,2026-06-16T23:28:43.942878,Live,7,bottom,1,1,1,2,2,-23,J.P. Crawford,Grant Wolfram
17381,825070,2026-06-16T23:28:12.388407,Live,7,top,0,6,0,2,2,,Jo Adell,Brandyn Garcia
17380,824991,2026-06-16T23:28:11.131857,Live,6,top,2,3,4,3,2,1--,Jake Mangum,Justin Sterner
17379,824912,2026-06-16T23:28:09.813381,Live,2,bottom,0,3,2,0,0,,Mike Yastrzemski,Adrian Houser
17378,823939,2026-06-16T23:28:08.578421,Live,6,bottom,1,0,1,3,2,,Freddie Freeman,Drew Rasmussen
17377,823128,2026-06-16T23:28:07.263232,Live,7,bottom,1,1,1,1,1,-23,J.P. Crawford,Grant Wolfram
17376,825070,2026-06-16T23:27:35.678603,Live,7,top,0,6,0,2,2,,Jo Adell,Brandyn Garcia
17375,824991,2026-06-16T23:27:34.270256,Live,6,top,2,3,4,3,2,1--,Jake Mangum,Justin Sterner
17374,824912,2026-06-16T23:27:32.976027,Live,2,bottom,0,3,2,0,0,,Mike Yastrzemski,Adrian Houser
17373,823939,2026-06-16T23:27:31.682501,Live,6,bottom,1,0,1,2,1,,Freddie Freeman,Drew Rasmussen
17372,823128,2026-06-16T23:27:30.372167,Live,7,bottom,1,1,1,0,0,-23,J.P. Crawford,Grant Wolfram
17371,825070,2026-06-16T23:26:58.754479,Live,7,top,0,6,0,2,1,,Jo Adell,Brandyn Garcia
17370,824991,2026-06-16T23:26:57.458463,Live,6,top,2,3,4,3,2,1--,Jake Mangum,Justin Sterner
17369,824912,2026-06-16T23:26:56.137527,Live,2,bottom,0,3,2,0,0,,Mike Yastrzemski,Adrian Houser
17368,823939,2026-06-16T23:26:54.841642,Live,6,bottom,1,0,1,1,0,,Freddie Freeman,Drew Rasmussen
17367,823128,2026-06-16T23:26:53.575523,Live,7,bottom,0,1,1,1,0,12-,Miles Mastrobuoni,Grant Wolfram
17366,825070,2026-06-16T23:26:21.953888,Live,7,top,0,6,0,0,0,,Jo Adell,Brandyn Garcia
17365,824991,2026-06-16T23:26:20.617195,Live,6,top,2,3,4,3,2,1--,Jake Mangum,Justin Sterner
17364,824912,2026-06-16T23:26:19.305529,Live,2,bottom,0,3,2,0,0,,Mike Yastrzemski,Adrian Houser
17363,823939,2026-06-16T23:26:17.974714,Live,6,bottom,1,0,1,1,1,,Andy Pages,Drew Rasmussen
17362,823128,2026-06-16T23:26:16.642000,Live,7,bottom,0,1,1,0,0,12-,Miles Mastrobuoni,Grant Wolfram
17361,825070,2026-06-16T23:25:45.000953,Live,7,top,0,6,0,0,0,,Jo Adell,Brandyn Garcia
17360,824991,2026-06-16T23:25:43.719934,Live,6,top,2,3,4,3,2,1--,Jake Mangum,Justin Sterner
17359,824912,2026-06-16T23:25:42.491201,Live,2,bottom,0,3,2,0,0,,Mike Yastrzemski,Adrian Houser
17358,823939,2026-06-16T23:25:41.234013,Live,6,bottom,0,0,1,0,1,,Andy Pages,Drew Rasmussen
17357,823128,2026-06-16T23:25:39.979496,Live,7,bottom,0,1,1,0,0,12-,Miles Mastrobuoni,Grant Wolfram
17356,825070,2026-06-16T23:25:08.410759,Live,6,bottom,3,6,0,0,3,,Corbin Carroll,Reid Detmers
17355,824991,2026-06-16T23:25:07.109528,Live,6,top,2,3,4,2,2,1--,Jake Mangum,Justin Sterner
17354,824912,2026-06-16T23:25:05.830578,Live,2,bottom,0,3,2,0,0,,Mike Yastrzemski,Adrian Houser
17353,823939,2026-06-16T23:25:04.528026,Live,6,bottom,0,0,1,0,0,,Andy Pages,Drew Rasmussen
17352,823128,2026-06-16T23:25:03.223527,Live,7,bottom,0,1,1,0,0,12-,Miles Mastrobuoni,Grant Wolfram
17351,825070,2026-06-16T23:24:31.566590,Live,6,bottom,3,6,0,0,3,,Corbin Carroll,Reid Detmers
17350,824991,2026-06-16T23:24:30.229581,Live,6,top,2,3,4,1,2,1--,Jake Mangum,Justin Sterner
17349,824912,2026-06-16T23:24:28.941437,Live,2,bottom,0,3,2,0,0,,Mike Yastrzemski,Adrian Houser
17348,823939,2026-06-16T23:24:27.624653,Live,6,bottom,0,0,0,0,0,,Shohei Ohtani,Drew Rasmussen
17347,823128,2026-06-16T23:24:26.371535,Live,7,bottom,0,1,1,0,0,12-,Miles Mastrobuoni,Brandon Young
17346,825070,2026-06-16T23:23:54.702282,Live,6,bottom,3,6,0,0,3,,Corbin Carroll,Reid Detmers
17345,824991,2026-06-16T23:23:53.405118,Live,6,top,2,3,4,1,1,1--,Jake Mangum,Justin Sterner
17344,824912,2026-06-16T23:23:52.171758,Live,2,bottom,0,3,2,0,0,,Mike Yastrzemski,Adrian Houser
17343,823939,2026-06-16T23:23:50.922217,Live,6,top,3,0,0,1,1,,Jonathan Aranda,Justin Wrobleski
17342,823128,2026-06-16T23:23:49.625184,Live,7,bottom,0,1,1,0,0,12-,Miles Mastrobuoni,Brandon Young
17341,825070,2026-06-16T23:23:18.017419,Live,6,bottom,2,6,0,0,1,1-3,Corbin Carroll,Reid Detmers
17340,824991,2026-06-16T23:23:16.713174,Live,6,top,1,3,4,1,3,1--,Tyler Callihan,Justin Sterner
17339,824912,2026-06-16T23:23:15.451074,Live,2,bottom,0,3,2,0,0,,Mike Yastrzemski,Adrian Houser
17338,823939,2026-06-16T23:23:14.148086,Live,6,top,3,0,0,1,1,,Jonathan Aranda,Justin Wrobleski
17337,823128,2026-06-16T23:23:12.871481,Live,7,bottom,0,1,1,2,0,1--,Colt Emerson,Brandon Young
17336,825070,2026-06-16T23:22:41.205870,Live,6,bottom,2,6,0,0,0,1-3,Corbin Carroll,Reid Detmers
17335,824991,2026-06-16T23:22:39.878482,Live,6,top,1,3,4,1,2,1--,Tyler Callihan,Justin Sterner
17334,824912,2026-06-16T23:22:38.572744,Live,2,bottom,0,3,2,0,0,,Mike Yastrzemski,Adrian Houser
17333,823939,2026-06-16T23:22:37.244354,Live,6,top,3,0,0,1,1,,Jonathan Aranda,Justin Wrobleski
17332,823128,2026-06-16T23:22:35.955544,Live,7,bottom,0,1,1,1,0,1--,Colt Emerson,Brandon Young
17331,825070,2026-06-16T23:22:04.340754,Live,6,bottom,2,6,0,2,1,1-3,Geraldo Perdomo,Reid Detmers
17330,824991,2026-06-16T23:22:02.956397,Live,6,top,1,3,4,0,1,1--,Tyler Callihan,Justin Sterner
17329,824912,2026-06-16T23:22:01.722370,Live,2,bottom,0,3,2,0,0,,Mike Yastrzemski,Adrian Houser
17328,823939,2026-06-16T23:22:00.421873,Live,6,top,2,0,0,1,1,1--,Jonathan Aranda,Justin Wrobleski
17327,823128,2026-06-16T23:21:59.102975,Live,7,bottom,0,1,1,1,1,,Victor Robles,Brandon Young
17326,825070,2026-06-16T23:21:27.450282,Live,6,bottom,2,6,0,2,1,1--,Geraldo Perdomo,Reid Detmers
17325,824991,2026-06-16T23:21:26.116059,Live,6,top,1,2,4,3,1,-2-,Endy Rodríguez,Justin Sterner
17324,824912,2026-06-16T23:21:24.801395,Live,2,bottom,0,3,2,0,0,,Mike Yastrzemski,Adrian Houser
17323,823939,2026-06-16T23:21:23.499301,Live,6,top,2,0,0,1,1,1--,Austin Slater,Justin Wrobleski
17322,823128,2026-06-16T23:21:22.163959,Live,7,bottom,0,1,1,0,0,,Victor Robles,Brandon Young
17321,825070,2026-06-16T23:20:50.269525,Live,6,bottom,2,6,0,0,0,1--,Geraldo Perdomo,Reid Detmers
17320,824991,2026-06-16T23:20:48.657310,Live,6,top,1,2,4,2,1,-2-,Endy Rodríguez,Justin Sterner
17319,824912,2026-06-16T23:20:47.053922,Live,2,bottom,0,3,2,0,0,,Mike Yastrzemski,Adrian Houser
17318,823939,2026-06-16T23:20:45.464290,Live,6,top,1,0,0,1,0,1--,Austin Slater,Justin Wrobleski
17317,823128,2026-06-16T23:20:43.863715,Live,7,top,3,1,1,1,3,,Colton Cowser,Logan Gilbert
17316,825070,2026-06-16T23:20:12.060694,Live,6,bottom,2,6,0,0,1,,Ketel Marte,Reid Detmers
17315,824991,2026-06-16T23:20:10.705835,Live,6,top,1,2,4,0,1,-2-,Endy Rodríguez,Justin Sterner
17314,824912,2026-06-16T23:20:09.410435,Live,2,bottom,0,3,2,0,0,,Mike Yastrzemski,Adrian Houser
17313,823939,2026-06-16T23:20:08.141803,Live,6,top,1,0,0,0,1,1--,Yandy Díaz,Justin Wrobleski
17312,823128,2026-06-16T23:20:06.803327,Live,7,top,3,1,1,1,3,,Colton Cowser,Logan Gilbert
17311,825070,2026-06-16T23:19:35.190078,Live,6,bottom,2,6,0,0,1,,LuJames Groover,Reid Detmers
17310,824991,2026-06-16T23:19:33.800762,Live,6,top,0,2,4,2,3,-2-,Nick Gonzales,Justin Sterner
17309,824912,2026-06-16T23:19:32.535399,Live,2,bottom,0,3,2,0,0,,Mike Yastrzemski,Adrian Houser
17308,823939,2026-06-16T23:19:31.200050,Live,6,top,1,0,0,0,0,,Yandy Díaz,Justin Wrobleski
17307,823128,2026-06-16T23:19:29.907802,Live,7,top,3,1,1,1,3,,Colton Cowser,Logan Gilbert
17306,825070,2026-06-16T23:18:58.266734,Live,6,bottom,1,6,0,0,0,,LuJames Groover,Reid Detmers
17305,824991,2026-06-16T23:18:56.830334,Live,6,top,0,2,4,2,1,-2-,Nick Gonzales,Justin Sterner
17304,824912,2026-06-16T23:18:55.502462,Live,2,bottom,0,3,2,0,0,,Mike Yastrzemski,Adrian Houser
17303,823939,2026-06-16T23:18:54.232335,Live,6,top,0,0,0,2,0,,Taylor Walls,Justin Wrobleski
17302,823128,2026-06-16T23:18:52.949215,Live,7,top,2,1,1,1,2,1--,Colton Cowser,Logan Gilbert
17301,825070,2026-06-16T23:18:21.239380,Live,6,bottom,0,6,0,2,2,,Adrian Del Castillo,Reid Detmers
17300,824991,2026-06-16T23:18:19.848970,Live,6,top,0,2,4,0,1,-2-,Nick Gonzales,Justin Sterner
17299,824912,2026-06-16T23:18:18.519217,Live,2,bottom,0,3,2,0,0,,Mike Yastrzemski,Adrian Houser
17298,823939,2026-06-16T23:18:17.166238,Live,5,bottom,3,0,0,2,3,,Chuckie Robinson,Drew Rasmussen
17297,823128,2026-06-16T23:18:15.710932,Live,7,top,2,1,1,0,1,1--,Colton Cowser,Logan Gilbert
17296,825070,2026-06-16T23:17:43.969069,Live,6,bottom,0,6,0,0,2,,Adrian Del Castillo,Reid Detmers
17295,824991,2026-06-16T23:17:42.532106,Live,6,top,0,2,4,0,0,-2-,Nick Gonzales,Jack Perkins
17294,824912,2026-06-16T23:17:41.110328,Live,2,bottom,0,3,2,0,0,,Mike Yastrzemski,Adrian Houser
17293,823939,2026-06-16T23:17:39.772938,Live,5,bottom,3,0,0,2,3,,Chuckie Robinson,Drew Rasmussen
17292,823128,2026-06-16T23:17:38.402477,Live,7,top,2,1,1,2,3,1--,Leody Taveras,Logan Gilbert
17291,825070,2026-06-16T23:17:06.682081,Live,6,bottom,0,6,0,0,0,,Adrian Del Castillo,Reid Detmers
17290,824991,2026-06-16T23:17:05.258739,Live,6,top,0,2,4,0,0,-2-,Nick Gonzales,Jack Perkins
17289,824912,2026-06-16T23:17:03.825493,Live,2,bottom,0,3,2,0,0,,Mike Yastrzemski,Adrian Houser
17288,823939,2026-06-16T23:17:02.395327,Live,5,bottom,3,0,0,2,3,,Chuckie Robinson,Drew Rasmussen
17287,823128,2026-06-16T23:17:00.994080,Live,7,top,1,1,1,2,1,1--,Leody Taveras,Logan Gilbert
17286,825070,2026-06-16T23:16:29.260901,Live,6,top,3,6,0,2,1,,Nolan Schanuel,Ryan Thompson
17285,824991,2026-06-16T23:16:27.916576,Live,6,top,0,2,4,0,0,-2-,Nick Gonzales,Jack Perkins
17284,824912,2026-06-16T23:16:26.557949,Live,2,bottom,0,3,2,0,0,,Mike Yastrzemski,Adrian Houser
17283,823939,2026-06-16T23:16:25.209348,Live,5,bottom,3,0,0,2,3,,Chuckie Robinson,Drew Rasmussen
17282,823128,2026-06-16T23:16:23.823992,Live,7,top,1,1,1,2,1,1--,Leody Taveras,Logan Gilbert
17281,825070,2026-06-16T23:15:52.074254,Live,6,top,3,6,0,2,1,,Nolan Schanuel,Ryan Thompson
17280,824991,2026-06-16T23:15:50.691136,Live,6,top,0,2,4,0,0,-2-,Nick Gonzales,Jack Perkins
17279,824912,2026-06-16T23:15:49.338733,Live,2,bottom,0,3,2,0,0,,Mike Yastrzemski,Adrian Houser
17278,823939,2026-06-16T23:15:47.979363,Live,5,bottom,3,0,0,2,3,,Chuckie Robinson,Drew Rasmussen
17277,823128,2026-06-16T23:15:46.541571,Live,7,top,1,1,1,1,1,1--,Leody Taveras,Logan Gilbert
17276,825070,2026-06-16T23:15:14.719381,Live,6,top,3,6,0,2,1,,Nolan Schanuel,Ryan Thompson
17275,824991,2026-06-16T23:15:13.344554,Live,6,top,0,2,4,0,0,-2-,Nick Gonzales,Jack Perkins
17274,824912,2026-06-16T23:15:11.954536,Live,2,bottom,0,3,2,0,0,,Mike Yastrzemski,Adrian Houser
17273,823939,2026-06-16T23:15:10.596775,Live,5,bottom,2,0,0,2,2,,Chuckie Robinson,Drew Rasmussen
17272,823128,2026-06-16T23:15:09.211386,Live,7,top,1,1,1,0,0,1--,Leody Taveras,Logan Gilbert
17271,825070,2026-06-16T23:14:37.472326,Live,6,top,2,6,0,2,1,-23,Nolan Schanuel,Ryan Thompson
17270,824991,2026-06-16T23:14:36.090412,Live,6,top,0,2,4,0,1,,Ryan O'Hearn,Jack Perkins
17269,824912,2026-06-16T23:14:34.721929,Live,2,bottom,0,3,2,0,0,,Mike Yastrzemski,Adrian Houser
17268,823939,2026-06-16T23:14:33.342547,Live,5,bottom,2,0,0,1,2,,Chuckie Robinson,Drew Rasmussen
17267,823128,2026-06-16T23:14:32.019008,Live,7,top,0,1,1,0,0,1--,Samuel Basallo,Logan Gilbert
17266,825070,2026-06-16T23:14:00.192452,Live,6,top,2,6,0,1,1,-23,Nolan Schanuel,Ryan Thompson
17265,824991,2026-06-16T23:13:58.819363,Live,6,top,0,1,4,0,0,,Bryan Reynolds,Jack Perkins
17264,824912,2026-06-16T23:13:57.502175,Live,2,bottom,0,3,2,0,0,,Mike Yastrzemski,Adrian Houser
17263,823939,2026-06-16T23:13:56.209374,Live,5,bottom,2,0,0,0,1,,Chuckie Robinson,Drew Rasmussen
17262,823128,2026-06-16T23:13:54.917339,Live,7,top,0,1,1,2,2,1--,Pete Alonso,Logan Gilbert
17261,825070,2026-06-16T23:13:23.252123,Live,6,top,2,6,0,3,2,-23,Mike Trout,Ryan Thompson
17260,824991,2026-06-16T23:13:21.875142,Live,6,top,0,1,4,0,0,,Bryan Reynolds,Jack Perkins
17259,824912,2026-06-16T23:13:20.618541,Live,2,bottom,0,3,2,0,0,,Mike Yastrzemski,Adrian Houser
17258,823939,2026-06-16T23:13:19.301988,Live,5,bottom,2,0,0,0,0,,Chuckie Robinson,Drew Rasmussen
17257,823128,2026-06-16T23:13:17.958799,Live,7,top,0,1,1,1,1,,Pete Alonso,Logan Gilbert
17256,825070,2026-06-16T23:12:46.319007,Live,6,top,2,5,0,3,2,12-,Mike Trout,Ryan Thompson
17255,824991,2026-06-16T23:12:45.086924,Live,6,top,0,1,4,0,0,,Bryan Reynolds,Jack Perkins
17254,824912,2026-06-16T23:12:43.842244,Live,2,bottom,0,3,2,0,0,,Mike Yastrzemski,Adrian Houser
17253,823939,2026-06-16T23:12:42.552620,Live,5,bottom,1,0,0,0,2,,Alex Freeland,Drew Rasmussen
17252,823128,2026-06-16T23:12:41.329831,Live,7,top,0,1,1,0,0,,Pete Alonso,Logan Gilbert
17251,825070,2026-06-16T23:12:09.769176,Live,6,top,2,5,0,2,1,12-,Mike Trout,Ryan Thompson
17250,824991,2026-06-16T23:12:08.458223,Live,5,bottom,3,1,4,2,3,,Jacob Wilson,Mitch Keller
17249,824912,2026-06-16T23:12:07.123009,Live,2,bottom,0,3,2,0,0,,Mike Yastrzemski,Adrian Houser
17248,823939,2026-06-16T23:12:05.862604,Live,5,bottom,1,0,0,0,0,,Alex Freeland,Drew Rasmussen
17247,823128,2026-06-16T23:12:04.580020,Live,6,bottom,3,1,1,2,2,,Cole Young,Brandon Young
17246,825070,2026-06-16T23:11:32.962746,Live,6,top,2,5,0,0,1,12-,Mike Trout,Ryan Thompson
17245,824991,2026-06-16T23:11:31.660063,Live,5,bottom,3,1,4,2,3,,Jacob Wilson,Mitch Keller
17244,824912,2026-06-16T23:11:30.347958,Live,2,bottom,0,3,2,0,0,,Mike Yastrzemski,Adrian Houser
17243,823939,2026-06-16T23:11:29.049031,Live,5,bottom,0,0,0,1,2,,Ryan Ward,Drew Rasmussen
17242,823128,2026-06-16T23:11:27.647713,Live,6,bottom,3,1,1,2,2,,Cole Young,Brandon Young
17241,825070,2026-06-16T23:10:55.973126,Live,6,top,2,5,0,1,3,12-,Zach Neto,Ryan Thompson
17240,824991,2026-06-16T23:10:54.633679,Live,5,bottom,2,1,4,1,2,1--,Jacob Wilson,Mitch Keller
17239,824912,2026-06-16T23:10:53.191409,Live,2,bottom,0,3,2,0,0,,Mike Yastrzemski,Adrian Houser
17238,823939,2026-06-16T23:10:51.864949,Live,5,bottom,0,0,0,0,1,,Ryan Ward,Drew Rasmussen
17237,823128,2026-06-16T23:10:50.508709,Live,6,bottom,3,1,1,2,2,,Cole Young,Brandon Young
17236,825070,2026-06-16T23:10:18.835118,Live,6,top,1,5,0,1,1,12-,Zach Neto,Ryan Thompson
17235,824991,2026-06-16T23:10:17.534942,Live,5,bottom,2,1,4,1,2,1--,Jacob Wilson,Mitch Keller
17234,824912,2026-06-16T23:10:16.233086,Live,2,bottom,0,3,2,0,0,,Mike Yastrzemski,Adrian Houser
17233,823939,2026-06-16T23:10:14.956834,Live,5,top,3,0,0,0,1,,Nick Fortes,Justin Wrobleski
17232,823128,2026-06-16T23:10:13.714126,Live,6,bottom,2,1,1,2,2,,Cole Young,Brandon Young
17231,825070,2026-06-16T23:09:42.138636,Live,6,top,1,5,0,0,1,12-,Zach Neto,Ryan Thompson
17230,824991,2026-06-16T23:09:40.846965,Live,5,bottom,2,1,4,1,1,1--,Jacob Wilson,Mitch Keller
17229,824912,2026-06-16T23:09:39.560459,Live,2,bottom,0,3,2,0,0,,Mike Yastrzemski,Adrian Houser
17228,823939,2026-06-16T23:09:38.303708,Live,5,top,3,0,0,0,1,,Nick Fortes,Justin Wrobleski
17227,823128,2026-06-16T23:09:37.004291,Live,6,bottom,2,1,1,0,1,,Cole Young,Brandon Young
17226,825070,2026-06-16T23:09:05.431130,Live,6,top,1,5,0,0,1,12-,Zach Neto,Ryan Thompson
17225,824991,2026-06-16T23:09:04.129498,Live,5,bottom,2,1,4,1,0,1--,Jacob Wilson,Mitch Keller
17224,824912,2026-06-16T23:09:02.892606,Live,2,bottom,0,3,2,0,0,,Mike Yastrzemski,Adrian Houser
17223,823939,2026-06-16T23:09:01.583283,Live,5,top,3,0,0,0,1,,Nick Fortes,Justin Wrobleski
17222,823128,2026-06-16T23:09:00.236444,Live,6,bottom,2,1,1,1,1,,Rob Refsnyder,Brandon Young
17221,825070,2026-06-16T23:08:28.667107,Live,6,top,1,5,0,0,0,12-,Zach Neto,Ryan Thompson
17220,824991,2026-06-16T23:08:27.414515,Live,5,bottom,2,1,4,3,2,,Tyler Soderstrom,Mitch Keller
17219,824912,2026-06-16T23:08:26.058757,Live,2,bottom,0,3,2,0,0,,Mike Yastrzemski,Adrian Houser
17218,823939,2026-06-16T23:08:24.862289,Live,5,top,2,0,0,0,1,,Nick Fortes,Justin Wrobleski
17217,823128,2026-06-16T23:08:23.638371,Live,6,bottom,1,1,1,1,0,,Rob Refsnyder,Brandon Young
17216,825070,2026-06-16T23:07:51.973144,Live,6,top,1,5,0,0,0,12-,Zach Neto,Ryan Thompson
17215,824991,2026-06-16T23:07:50.609888,Live,5,bottom,2,1,4,2,2,,Tyler Soderstrom,Mitch Keller
17214,824912,2026-06-16T23:07:49.319567,Live,2,bottom,0,3,2,0,0,,Mike Yastrzemski,Adrian Houser
17213,823939,2026-06-16T23:07:48.000625,Live,5,top,1,0,0,0,1,,Chandler Simpson,Justin Wrobleski
17212,823128,2026-06-16T23:07:46.699094,Live,6,bottom,0,1,1,0,2,,Dominic Canzone,Brandon Young
17211,825070,2026-06-16T23:07:15.081690,Live,6,top,1,5,0,0,0,12-,Zach Neto,Ryan Thompson
17210,824991,2026-06-16T23:07:13.822345,Live,5,bottom,2,1,4,2,1,,Tyler Soderstrom,Mitch Keller
17209,824912,2026-06-16T23:07:12.562047,Live,2,bottom,0,3,2,0,0,,Mike Yastrzemski,Adrian Houser
17208,823939,2026-06-16T23:07:11.347526,Live,5,top,0,0,0,1,1,,Ben Williamson,Justin Wrobleski
17207,823128,2026-06-16T23:07:10.067447,Live,6,bottom,0,1,1,0,0,,Dominic Canzone,Brandon Young
17206,825070,2026-06-16T23:06:38.443458,Live,6,top,1,5,0,0,0,12-,Zach Neto,Merrill Kelly
17205,824991,2026-06-16T23:06:37.135080,Live,5,bottom,2,1,4,1,0,,Tyler Soderstrom,Mitch Keller
17204,824912,2026-06-16T23:06:35.839520,Live,2,bottom,0,3,2,0,0,,Mike Yastrzemski,Adrian Houser
17203,823939,2026-06-16T23:06:34.616092,Live,5,top,0,0,0,0,0,,Ben Williamson,Justin Wrobleski
17202,823128,2026-06-16T23:06:33.363479,Live,6,top,3,1,1,3,2,,Adley Rutschman,Logan Gilbert
17201,825070,2026-06-16T23:06:01.800578,Live,6,top,0,5,0,0,1,12-,Donovan Walton,Merrill Kelly
17200,824991,2026-06-16T23:06:00.531615,Live,5,bottom,1,1,4,2,2,,Shea Langeliers,Mitch Keller
17199,824912,2026-06-16T23:05:59.233979,Live,2,bottom,0,3,2,0,0,,Mike Yastrzemski,Adrian Houser
17198,823939,2026-06-16T23:05:57.964676,Live,4,bottom,3,0,0,0,1,,Kyle Tucker,Drew Rasmussen
17197,823128,2026-06-16T23:05:56.645456,Live,6,top,3,1,1,3,2,,Adley Rutschman,Logan Gilbert
17196,825070,2026-06-16T23:05:25.105386,Live,6,top,0,5,0,0,0,12-,Donovan Walton,Merrill Kelly
17195,824991,2026-06-16T23:05:23.796462,Live,5,bottom,1,1,4,2,1,,Shea Langeliers,Mitch Keller
17194,824912,2026-06-16T23:05:22.544437,Live,2,bottom,0,3,2,0,0,,Mike Yastrzemski,Adrian Houser
17193,823939,2026-06-16T23:05:21.306251,Live,4,bottom,3,0,0,0,1,,Kyle Tucker,Drew Rasmussen
17192,823128,2026-06-16T23:05:20.108187,Live,6,top,3,1,1,3,2,,Adley Rutschman,Logan Gilbert
17191,825070,2026-06-16T23:04:48.500792,Live,6,top,0,5,0,0,0,12-,Donovan Walton,Merrill Kelly
17190,824991,2026-06-16T23:04:47.214049,Live,5,bottom,1,1,4,1,0,,Shea Langeliers,Mitch Keller
17189,824912,2026-06-16T23:04:45.957804,Live,2,bottom,0,3,2,0,0,,Mike Yastrzemski,Adrian Houser
17188,823939,2026-06-16T23:04:44.696217,Live,4,bottom,3,0,0,0,1,,Kyle Tucker,Drew Rasmussen
17187,823128,2026-06-16T23:04:43.463416,Live,6,top,2,1,1,3,2,,Adley Rutschman,Logan Gilbert
17186,825070,2026-06-16T23:04:11.925174,Live,6,top,0,5,0,1,0,1--,Logan O'Hoppe,Merrill Kelly
17185,824991,2026-06-16T23:04:10.651266,Live,5,bottom,1,1,4,0,0,,Shea Langeliers,Mitch Keller
17184,824912,2026-06-16T23:04:09.310356,Live,2,bottom,0,3,2,0,0,,Mike Yastrzemski,Adrian Houser
17183,823939,2026-06-16T23:04:08.084815,Live,4,bottom,2,0,0,0,1,,Kyle Tucker,Drew Rasmussen
17182,823128,2026-06-16T23:04:06.837679,Live,6,top,2,1,1,2,2,,Adley Rutschman,Logan Gilbert
17181,825070,2026-06-16T23:03:35.323013,Live,6,top,0,5,0,0,0,1--,Logan O'Hoppe,Merrill Kelly
17180,824991,2026-06-16T23:03:34.097970,Live,5,bottom,0,1,4,0,2,,Nick Kurtz,Mitch Keller
17179,824912,2026-06-16T23:03:32.886718,Live,2,bottom,0,3,2,0,0,,Mike Yastrzemski,Adrian Houser
17178,823939,2026-06-16T23:03:31.581394,Live,4,bottom,1,0,0,1,1,,Max Muncy,Drew Rasmussen
17177,823128,2026-06-16T23:03:30.347475,Live,6,top,2,1,1,2,2,,Adley Rutschman,Logan Gilbert
17176,825070,2026-06-16T23:02:58.747927,Live,6,top,0,5,0,1,2,,Denzer Guzman,Merrill Kelly
17175,824991,2026-06-16T23:02:57.393856,Live,5,bottom,0,1,4,0,1,,Nick Kurtz,Mitch Keller
17174,824912,2026-06-16T23:02:56.109784,Live,2,bottom,0,3,2,0,0,,Mike Yastrzemski,Adrian Houser
17173,823939,2026-06-16T23:02:54.891613,Live,4,bottom,1,0,0,0,0,,Max Muncy,Drew Rasmussen
17172,823128,2026-06-16T23:02:53.624724,Live,6,top,2,1,1,1,2,,Adley Rutschman,Logan Gilbert
17171,825070,2026-06-16T23:02:22.021404,Live,6,top,0,5,0,0,2,,Denzer Guzman,Merrill Kelly
17170,824991,2026-06-16T23:02:20.683573,Live,5,bottom,0,1,4,0,0,,Nick Kurtz,Mitch Keller
17169,824912,2026-06-16T23:02:19.406356,Live,2,bottom,0,3,2,0,0,,Mike Yastrzemski,Adrian Houser
17168,823939,2026-06-16T23:02:18.127818,Live,4,bottom,0,0,0,2,1,,Mookie Betts,Drew Rasmussen
17167,823128,2026-06-16T23:02:16.770582,Live,6,top,2,1,1,1,1,,Adley Rutschman,Logan Gilbert
17166,825070,2026-06-16T23:01:45.124184,Live,5,bottom,3,5,0,3,2,,Jordan Lawlar,Reid Detmers
17165,824991,2026-06-16T23:01:43.745389,Live,5,top,3,1,4,0,3,,Brandon Lowe,Jack Perkins
17164,824912,2026-06-16T23:01:42.304219,Live,2,bottom,0,3,2,0,0,,Mike Yastrzemski,Adrian Houser
17163,823939,2026-06-16T23:01:40.866420,Live,4,bottom,0,0,0,1,0,,Mookie Betts,Drew Rasmussen
17162,823128,2026-06-16T23:01:39.464171,Live,6,top,2,1,1,0,0,,Adley Rutschman,Logan Gilbert
17161,825070,2026-06-16T23:01:07.665795,Live,5,bottom,3,5,0,3,2,,Jordan Lawlar,Reid Detmers
17160,824991,2026-06-16T23:01:06.291609,Live,5,top,3,1,4,0,3,,Brandon Lowe,Jack Perkins
17159,824912,2026-06-16T23:01:04.924978,Live,2,bottom,0,3,2,0,0,,Mike Yastrzemski,Adrian Houser
17158,823939,2026-06-16T23:01:03.633948,Live,4,bottom,0,0,0,0,0,,Mookie Betts,Drew Rasmussen
17157,823128,2026-06-16T23:01:02.306326,Live,6,top,1,1,1,1,1,,Gunnar Henderson,Logan Gilbert
17156,825070,2026-06-16T23:00:30.717796,Live,5,bottom,3,5,0,3,2,,Jordan Lawlar,Reid Detmers
17155,824991,2026-06-16T23:00:29.427727,Live,5,top,2,1,4,0,3,12-,Brandon Lowe,Jack Perkins
17154,824912,2026-06-16T23:00:28.117147,Live,2,bottom,0,3,2,0,0,,Mike Yastrzemski,Adrian Houser
17153,824667,2026-06-16T23:00:26.810228,Final,9,bottom,3,5,2,2,2,,Alex Bregman,Jaden Hill
17152,823939,2026-06-16T23:00:25.515867,Live,4,top,3,0,0,0,1,,Ryan Vilade,Justin Wrobleski
17151,823128,2026-06-16T23:00:24.156643,Live,6,top,1,1,1,0,0,,Gunnar Henderson,Logan Gilbert
17150,825070,2026-06-16T22:59:52.607784,Live,5,bottom,3,5,0,3,2,,Jordan Lawlar,Reid Detmers
17149,824991,2026-06-16T22:59:51.369489,Live,5,top,2,1,4,1,1,12-,Brandon Lowe,Jack Perkins
17148,824912,2026-06-16T22:59:50.090031,Live,2,bottom,0,3,2,0,0,,Mike Yastrzemski,Adrian Houser
17147,824667,2026-06-16T22:59:48.776685,Live,9,bottom,3,5,2,2,2,,Alex Bregman,Jaden Hill
17146,823939,2026-06-16T22:59:47.558921,Live,4,top,3,0,0,0,1,,Ryan Vilade,Justin Wrobleski
17145,823128,2026-06-16T22:59:46.374593,Live,6,top,0,1,1,1,1,,Taylor Ward,Logan Gilbert
17144,825070,2026-06-16T22:59:14.793867,Live,5,bottom,2,5,0,3,2,,Jordan Lawlar,Reid Detmers
17143,824991,2026-06-16T22:59:13.563373,Live,5,top,2,1,4,0,0,12-,Brandon Lowe,Jack Perkins
17142,824912,2026-06-16T22:59:12.305125,Live,2,bottom,0,3,2,0,0,,Mike Yastrzemski,Adrian Houser
17141,824667,2026-06-16T22:59:11.008900,Live,9,bottom,2,5,2,2,2,,Alex Bregman,Jaden Hill
17140,823939,2026-06-16T22:59:09.768051,Live,4,top,2,0,0,0,1,-2-,Ryan Vilade,Justin Wrobleski
17139,823128,2026-06-16T22:59:08.484456,Live,6,top,0,1,1,0,0,,Taylor Ward,Logan Gilbert
17138,825070,2026-06-16T22:58:36.918142,Live,5,bottom,2,5,0,2,2,,Jordan Lawlar,Reid Detmers
17137,824991,2026-06-16T22:58:35.685154,Live,5,top,2,1,4,3,1,-2-,Spencer Horwitz,Jack Perkins
17136,824912,2026-06-16T22:58:34.437017,Live,2,bottom,0,3,2,0,0,,Mike Yastrzemski,Adrian Houser
17135,824667,2026-06-16T22:58:33.183365,Live,9,bottom,2,5,2,2,2,,Alex Bregman,Jaden Hill
17134,823939,2026-06-16T22:58:31.942618,Live,4,top,2,0,0,0,0,-2-,Ryan Vilade,Justin Wrobleski
17133,823128,2026-06-16T22:58:30.661610,Live,5,bottom,3,1,1,1,0,,Julio Rodríguez,Brandon Young
17132,825070,2026-06-16T22:57:59.100817,Live,5,bottom,2,5,0,2,2,,Jordan Lawlar,Reid Detmers
17131,824991,2026-06-16T22:57:57.890866,Live,5,top,2,1,4,2,1,1--,Spencer Horwitz,Jack Perkins
17130,824912,2026-06-16T22:57:56.567046,Live,2,bottom,0,3,2,0,0,,Mike Yastrzemski,Adrian Houser
17129,824667,2026-06-16T22:57:55.263891,Live,9,bottom,2,5,2,2,0,,Alex Bregman,Jaden Hill
17128,823939,2026-06-16T22:57:54.026293,Live,4,top,1,0,0,1,2,-2-,Junior Caminero,Justin Wrobleski
17127,823128,2026-06-16T22:57:52.794482,Live,5,bottom,3,1,1,1,0,,Julio Rodríguez,Brandon Young
17126,825070,2026-06-16T22:57:21.236131,Live,5,bottom,2,5,0,2,2,,Jordan Lawlar,Reid Detmers
17125,824991,2026-06-16T22:57:19.928977,Live,5,top,2,1,4,2,0,1--,Spencer Horwitz,Jack Perkins
17124,824912,2026-06-16T22:57:18.577408,Live,2,bottom,0,3,2,0,0,,Mike Yastrzemski,Adrian Houser
17123,824667,2026-06-16T22:57:17.251388,Live,9,bottom,2,5,2,0,0,,Alex Bregman,Jaden Hill
17122,823939,2026-06-16T22:57:15.978157,Live,4,top,1,0,0,0,1,-2-,Junior Caminero,Justin Wrobleski
17121,823128,2026-06-16T22:57:14.708140,Live,5,bottom,3,1,1,1,0,,Julio Rodríguez,Brandon Young
17120,825070,2026-06-16T22:56:43.049166,Live,5,bottom,2,5,0,1,2,,Jordan Lawlar,Reid Detmers
17119,824991,2026-06-16T22:56:41.696327,Live,5,top,2,1,4,0,0,1--,Spencer Horwitz,Jack Perkins
17118,824912,2026-06-16T22:56:40.416118,Live,2,bottom,0,3,2,0,0,,Mike Yastrzemski,Adrian Houser
17117,824667,2026-06-16T22:56:39.070909,Live,9,bottom,1,5,2,1,2,,Pete Crow-Armstrong,Jaden Hill
17116,823939,2026-06-16T22:56:37.764462,Live,4,top,0,0,0,2,3,-2-,Jonathan Aranda,Justin Wrobleski
17115,823128,2026-06-16T22:56:36.496075,Live,5,bottom,2,1,1,0,0,12-,Julio Rodríguez,Brandon Young
17114,825070,2026-06-16T22:56:04.902723,Live,5,bottom,2,5,0,0,1,,Jordan Lawlar,Reid Detmers
17113,824991,2026-06-16T22:56:03.578989,Live,5,top,2,1,4,0,0,1--,Spencer Horwitz,Jack Perkins
17112,824912,2026-06-16T22:56:02.277488,Live,2,bottom,0,3,2,0,0,,Mike Yastrzemski,Adrian Houser
17111,824667,2026-06-16T22:56:00.904420,Live,9,bottom,1,5,2,1,0,,Pete Crow-Armstrong,Jaden Hill
17110,823939,2026-06-16T22:55:59.610830,Live,4,top,0,0,0,1,2,1--,Jonathan Aranda,Justin Wrobleski
17109,823128,2026-06-16T22:55:58.288693,Live,5,bottom,2,1,1,3,2,1--,Cal Raleigh,Brandon Young
17108,825070,2026-06-16T22:55:26.730920,Live,5,bottom,2,5,0,0,0,,Jordan Lawlar,Reid Detmers
17107,824991,2026-06-16T22:55:25.374319,Live,5,top,2,1,4,2,2,,Jared Triolo,Jack Perkins
17106,824912,2026-06-16T22:55:24.037331,Live,2,bottom,0,3,2,0,0,,Mike Yastrzemski,Adrian Houser
17105,824667,2026-06-16T22:55:22.735085,Live,9,bottom,0,5,2,0,0,,Pedro Ramírez,Jaden Hill
17104,823939,2026-06-16T22:55:21.382693,Live,4,top,0,0,0,1,1,1--,Jonathan Aranda,Justin Wrobleski
17103,823128,2026-06-16T22:55:20.134248,Live,5,bottom,2,1,1,3,2,1--,Cal Raleigh,Brandon Young
17102,825070,2026-06-16T22:54:48.537625,Live,5,bottom,1,5,0,0,0,,Ildemaro Vargas,Reid Detmers
17101,824991,2026-06-16T22:54:47.170588,Live,5,top,2,1,4,1,2,,Jared Triolo,Jack Perkins
17100,824912,2026-06-16T22:54:45.921289,Live,2,bottom,0,3,2,0,0,,Mike Yastrzemski,Adrian Houser
17099,824667,2026-06-16T22:54:44.527204,Live,9,bottom,0,5,2,0,0,,Pedro Ramírez,Jaden Hill
17098,823939,2026-06-16T22:54:43.285838,Live,4,top,0,0,0,0,0,,Austin Slater,Justin Wrobleski
17097,823128,2026-06-16T22:54:42.010534,Live,5,bottom,2,1,1,3,1,1--,Cal Raleigh,Brandon Young
17096,825070,2026-06-16T22:54:10.339816,Live,5,bottom,0,5,0,2,0,,Nolan Arenado,Reid Detmers
17095,824991,2026-06-16T22:54:09.045202,Live,5,top,2,1,4,1,0,,Jared Triolo,Jack Perkins
17094,824912,2026-06-16T22:54:07.707009,Live,2,bottom,0,3,2,0,0,,Mike Yastrzemski,Adrian Houser
17093,824667,2026-06-16T22:54:06.395158,Live,9,top,3,5,2,1,0,,Willi Castro,Gavin Hollowell
17092,823939,2026-06-16T22:54:05.107349,Live,3,bottom,3,0,0,1,1,,Freddie Freeman,Drew Rasmussen
17091,823128,2026-06-16T22:54:03.830068,Live,5,bottom,2,1,1,2,0,1--,Cal Raleigh,Brandon Young
17090,825070,2026-06-16T22:53:32.232006,Live,5,bottom,0,5,0,0,0,,Nolan Arenado,Reid Detmers
17089,824991,2026-06-16T22:53:30.995553,Live,5,top,0,1,4,0,0,1--,Jake Mangum,Jack Perkins
17088,824912,2026-06-16T22:53:29.688157,Live,2,bottom,0,3,2,0,0,,Mike Yastrzemski,Adrian Houser
17087,824667,2026-06-16T22:53:28.395286,Live,9,top,3,5,2,1,0,,Willi Castro,Gavin Hollowell
17086,824182,2026-06-16T22:53:27.036177,Final,9,top,3,2,4,1,3,,Jake Rogers,Josh Hader
17085,823939,2026-06-16T22:53:25.735570,Live,3,bottom,3,0,0,1,1,,Freddie Freeman,Drew Rasmussen
17084,823128,2026-06-16T22:53:24.461552,Live,5,bottom,2,1,1,0,0,1--,Cal Raleigh,Brandon Young
17083,825070,2026-06-16T22:52:52.819641,Live,5,top,3,5,0,0,0,,Wade Meckler,Merrill Kelly
17082,824991,2026-06-16T22:52:51.549633,Live,5,top,0,1,4,1,2,,Tyler Callihan,Jack Perkins
17081,824912,2026-06-16T22:52:50.261845,Live,2,bottom,0,3,2,0,0,,Mike Yastrzemski,Adrian Houser
17080,824667,2026-06-16T22:52:48.956984,Live,9,top,3,5,2,1,0,,Willi Castro,Gavin Hollowell
17079,824182,2026-06-16T22:52:47.593289,Live,9,top,3,2,4,1,3,,Jake Rogers,Josh Hader
17078,823939,2026-06-16T22:52:46.277548,Live,3,bottom,3,0,0,1,1,,Freddie Freeman,Drew Rasmussen
17077,823128,2026-06-16T22:52:44.973821,Live,5,bottom,2,1,1,3,2,,J.P. Crawford,Brandon Young
17076,825070,2026-06-16T22:52:13.296811,Live,5,top,3,5,0,0,0,,Wade Meckler,Merrill Kelly
17075,824991,2026-06-16T22:52:11.988584,Live,5,top,0,1,4,1,1,,Tyler Callihan,Jack Perkins
17074,824912,2026-06-16T22:52:10.747566,Live,2,bottom,0,3,2,0,0,,Mike Yastrzemski,Adrian Houser
17073,824667,2026-06-16T22:52:09.350357,Live,9,top,2,5,2,0,0,1--,Willi Castro,Gavin Hollowell
17072,824182,2026-06-16T22:52:08.018390,Live,9,top,3,2,4,1,3,,Jake Rogers,Josh Hader
17071,823939,2026-06-16T22:52:06.732411,Live,3,bottom,2,0,0,1,1,,Freddie Freeman,Drew Rasmussen
17070,823128,2026-06-16T22:52:05.454127,Live,5,bottom,2,1,1,3,2,,J.P. Crawford,Brandon Young
17069,825070,2026-06-16T22:51:33.859416,Live,5,top,2,5,0,0,0,1--,Wade Meckler,Merrill Kelly
17068,824991,2026-06-16T22:51:32.650161,Live,5,top,0,1,4,0,0,,Tyler Callihan,Jack Perkins
17067,824912,2026-06-16T22:51:31.389154,Live,2,bottom,0,3,2,0,0,,Mike Yastrzemski,Adrian Houser
17066,824667,2026-06-16T22:51:30.162672,Live,9,top,1,5,2,0,2,1--,Jake McCarthy,Gavin Hollowell
17065,824182,2026-06-16T22:51:28.957748,Live,9,top,2,2,4,0,2,1--,Jake Rogers,Josh Hader
17064,823939,2026-06-16T22:51:27.728449,Live,3,bottom,2,0,0,1,0,,Freddie Freeman,Drew Rasmussen
17063,823128,2026-06-16T22:51:26.512523,Live,5,bottom,2,1,1,2,2,,J.P. Crawford,Brandon Young
17062,825070,2026-06-16T22:50:54.975762,Live,5,top,2,5,0,0,1,1--,Nick Madrigal,Merrill Kelly
17061,824991,2026-06-16T22:50:53.726141,Live,4,bottom,3,1,4,1,3,,Jeff McNeil,Mitch Keller
17060,824912,2026-06-16T22:50:52.426218,Live,2,bottom,0,3,2,0,0,,Mike Yastrzemski,Adrian Houser
17059,824667,2026-06-16T22:50:51.087727,Live,9,top,1,5,2,0,0,1--,Jake McCarthy,Gavin Hollowell
17058,824182,2026-06-16T22:50:49.747870,Live,9,top,2,2,4,0,0,1--,Jake Rogers,Josh Hader
17057,823939,2026-06-16T22:50:48.309551,Live,3,bottom,1,0,0,1,1,,Andy Pages,Drew Rasmussen
17056,823128,2026-06-16T22:50:46.973289,Live,5,bottom,2,1,1,1,1,,J.P. Crawford,Brandon Young
17055,825070,2026-06-16T22:50:14.994665,Live,5,top,1,5,0,0,1,1--,Nick Madrigal,Merrill Kelly
17054,824991,2026-06-16T22:50:13.261667,Live,4,bottom,3,1,4,1,3,,Jeff McNeil,Mitch Keller
17053,824912,2026-06-16T22:50:11.625001,Live,2,bottom,0,3,2,0,0,,Mike Yastrzemski,Adrian Houser
17052,824667,2026-06-16T22:50:09.861621,Live,9,top,1,5,2,3,2,,Tyler Freeman,Gavin Hollowell
17051,824182,2026-06-16T22:50:08.061125,Live,9,top,1,2,4,1,2,1--,Wenceel Pérez,Josh Hader
17050,823939,2026-06-16T22:50:06.395635,Live,3,bottom,1,0,0,2,2,,Shohei Ohtani,Drew Rasmussen
17049,823128,2026-06-16T22:50:04.641196,Live,5,bottom,1,1,1,1,2,,Miles Mastrobuoni,Brandon Young
17048,825070,2026-06-16T22:49:32.639887,Live,5,top,1,5,0,0,0,1--,Nick Madrigal,Merrill Kelly
17047,824991,2026-06-16T22:49:31.221662,Live,4,bottom,3,1,4,1,3,,Jeff McNeil,Mitch Keller
17046,824912,2026-06-16T22:49:29.857571,Live,2,bottom,0,3,2,0,0,,Mike Yastrzemski,Adrian Houser
17045,824667,2026-06-16T22:49:28.467266,Live,9,top,1,5,2,2,2,,Tyler Freeman,Gavin Hollowell
17044,824182,2026-06-16T22:49:27.002849,Live,9,top,1,2,4,1,2,1--,Wenceel Pérez,Josh Hader
17043,823939,2026-06-16T22:49:25.608325,Live,3,bottom,0,0,0,2,2,,Shohei Ohtani,Drew Rasmussen
17042,823128,2026-06-16T22:49:24.259239,Live,5,bottom,1,1,1,1,1,,Miles Mastrobuoni,Brandon Young
17041,825070,2026-06-16T22:48:52.502935,Live,5,top,0,5,0,2,2,1--,Jo Adell,Merrill Kelly
17040,824991,2026-06-16T22:48:51.118681,Live,4,bottom,2,1,4,1,2,-2-,Jeff McNeil,Mitch Keller
17039,824912,2026-06-16T22:48:49.729854,Live,2,bottom,0,3,2,0,0,,Mike Yastrzemski,Adrian Houser
17038,824667,2026-06-16T22:48:48.346752,Live,9,top,1,5,2,1,2,,Tyler Freeman,Gavin Hollowell
17037,824182,2026-06-16T22:48:46.802394,Live,9,top,1,2,4,0,2,1--,Wenceel Pérez,Josh Hader
17036,823939,2026-06-16T22:48:45.413921,Live,3,bottom,0,0,0,2,0,,Shohei Ohtani,Drew Rasmussen
17035,823128,2026-06-16T22:48:44.071449,Live,5,bottom,1,1,1,0,0,,Miles Mastrobuoni,Brandon Young
17034,822888,2026-06-16T22:48:42.711114,Final,9,bottom,3,12,2,3,3,,Alejandro Osuna,Cody Laweryson
17033,825070,2026-06-16T22:48:10.931166,Live,5,top,0,5,0,1,1,1--,Jo Adell,Merrill Kelly
17032,824991,2026-06-16T22:48:09.510120,Live,4,bottom,2,1,4,2,1,1--,Jeff McNeil,Mitch Keller
17031,824912,2026-06-16T22:48:08.148551,Live,2,bottom,0,3,2,0,0,,Mike Yastrzemski,Adrian Houser
17030,824667,2026-06-16T22:48:06.727923,Live,9,top,1,5,2,1,0,,Tyler Freeman,Gavin Hollowell
17029,824182,2026-06-16T22:48:05.322722,Live,9,top,1,2,4,0,0,1--,Wenceel Pérez,Josh Hader
17028,823939,2026-06-16T22:48:03.889127,Live,3,top,3,0,0,0,3,,Yandy Díaz,Justin Wrobleski
17027,823128,2026-06-16T22:48:02.513965,Live,5,top,3,1,1,3,1,,Jackson Holliday,Logan Gilbert
17026,822888,2026-06-16T22:48:01.128413,Live,9,bottom,3,12,2,3,3,,Alejandro Osuna,Cody Laweryson
17025,825070,2026-06-16T22:47:29.361271,Live,5,top,0,5,0,0,0,1--,Jo Adell,Merrill Kelly
17024,824991,2026-06-16T22:47:28.015861,Live,4,bottom,2,1,4,0,1,1--,Jeff McNeil,Mitch Keller
17023,824912,2026-06-16T22:47:26.635693,Live,2,bottom,0,3,2,0,0,,Mike Yastrzemski,Adrian Houser
17022,824667,2026-06-16T22:47:25.190508,Live,9,top,1,5,2,0,0,,Tyler Freeman,Gavin Hollowell
17021,824182,2026-06-16T22:47:23.778901,Live,9,top,0,2,4,2,2,1--,Spencer Torkelson,Josh Hader
17020,823939,2026-06-16T22:47:22.423196,Live,3,top,3,0,0,0,3,,Yandy Díaz,Justin Wrobleski
17019,823128,2026-06-16T22:47:21.008627,Live,5,top,3,1,1,3,1,,Jackson Holliday,Logan Gilbert
17018,822888,2026-06-16T22:47:19.539633,Live,9,bottom,2,12,2,2,2,-2-,Alejandro Osuna,Cody Laweryson
17017,825070,2026-06-16T22:46:47.732458,Live,5,top,0,5,0,0,0,1--,Jo Adell,Merrill Kelly
17016,824991,2026-06-16T22:46:46.409183,Live,4,bottom,2,1,4,0,0,1--,Jeff McNeil,Mitch Keller
17015,824912,2026-06-16T22:46:45.025972,Live,2,bottom,0,3,2,0,0,,Mike Yastrzemski,Adrian Houser
17014,824667,2026-06-16T22:46:43.699376,Live,9,top,0,5,2,0,2,,Ezequiel Tovar,Gavin Hollowell
17013,824182,2026-06-16T22:46:42.309051,Live,9,top,0,2,4,1,2,1--,Spencer Torkelson,Josh Hader
17012,823939,2026-06-16T22:46:40.942018,Live,3,top,3,0,0,0,3,,Yandy Díaz,Justin Wrobleski
17011,823128,2026-06-16T22:46:39.567747,Live,5,top,3,1,1,3,1,,Jackson Holliday,Logan Gilbert
17010,822888,2026-06-16T22:46:38.151900,Live,9,bottom,2,12,2,2,0,-2-,Alejandro Osuna,Cody Laweryson
17009,825070,2026-06-16T22:46:06.407680,Live,5,top,0,5,0,2,1,,Nolan Schanuel,Merrill Kelly
17008,824991,2026-06-16T22:46:05.086064,Live,4,bottom,1,1,4,0,0,-2-,Henry Bolte,Mitch Keller
17007,824912,2026-06-16T22:46:03.839087,Live,2,bottom,0,3,2,0,0,,Mike Yastrzemski,Adrian Houser
17006,824667,2026-06-16T22:46:02.486194,Live,9,top,0,5,2,0,1,,Ezequiel Tovar,Gavin Hollowell
17005,824182,2026-06-16T22:46:01.075323,Live,9,top,0,2,4,0,0,1--,Spencer Torkelson,Josh Hader
17004,823939,2026-06-16T22:45:59.765663,Live,3,top,2,0,0,0,2,1--,Yandy Díaz,Justin Wrobleski
17003,823128,2026-06-16T22:45:58.452738,Live,5,top,2,1,1,3,1,,Jackson Holliday,Logan Gilbert
17002,822888,2026-06-16T22:45:57.119857,Live,9,bottom,2,12,2,1,0,-2-,Alejandro Osuna,Cody Laweryson
17001,825070,2026-06-16T22:45:25.403124,Live,5,top,0,5,0,0,0,,Nolan Schanuel,Merrill Kelly
17000,824991,2026-06-16T22:45:24.062439,Live,4,bottom,0,1,4,0,1,1--,Lawrence Butler,Mitch Keller
16999,824912,2026-06-16T22:45:22.732723,Live,2,bottom,0,3,2,0,0,,Mike Yastrzemski,Adrian Houser
16998,824667,2026-06-16T22:45:21.391133,Live,9,top,0,5,2,0,0,,Ezequiel Tovar,Gavin Hollowell
16997,824182,2026-06-16T22:45:19.984442,Live,9,top,0,2,4,0,2,,Riley Greene,Josh Hader
16996,823939,2026-06-16T22:45:18.653353,Live,3,top,2,0,0,0,1,1--,Yandy Díaz,Justin Wrobleski
16995,823128,2026-06-16T22:45:17.287366,Live,5,top,2,1,1,1,1,,Jackson Holliday,Logan Gilbert
16994,822888,2026-06-16T22:45:15.938457,Live,9,bottom,1,12,2,2,0,-2-,Josh Smith,Cody Laweryson
16993,825070,2026-06-16T22:44:44.198366,Live,5,top,0,3,0,0,0,--3,Mike Trout,Merrill Kelly
16992,824991,2026-06-16T22:44:42.868155,Live,4,bottom,0,1,4,0,0,,Zack Gelof,Mitch Keller
16991,824912,2026-06-16T22:44:41.571477,Live,2,bottom,0,3,2,0,0,,Mike Yastrzemski,Adrian Houser
16990,824667,2026-06-16T22:44:40.268400,Live,8,bottom,3,5,2,1,0,,Moisés Ballesteros,Victor Vodnik
16989,824182,2026-06-16T22:44:38.905544,Live,9,top,0,2,4,0,0,,Riley Greene,Josh Hader
16988,823939,2026-06-16T22:44:37.556853,Live,3,top,2,0,0,1,2,,Taylor Walls,Justin Wrobleski
16987,823128,2026-06-16T22:44:36.237059,Live,5,top,2,1,1,0,0,,Jackson Holliday,Logan Gilbert
16986,822888,2026-06-16T22:44:34.949019,Live,9,bottom,1,12,2,0,0,-2-,Josh Smith,Cody Laweryson
16985,825070,2026-06-16T22:44:03.217641,Live,5,top,0,3,0,1,1,--3,Zach Neto,Merrill Kelly
16984,824991,2026-06-16T22:44:01.851982,Live,4,top,3,1,4,0,0,,Endy Rodríguez,Jack Perkins
16983,824912,2026-06-16T22:44:00.460830,Live,2,bottom,0,3,2,0,0,,Mike Yastrzemski,Adrian Houser
16982,824667,2026-06-16T22:43:59.112758,Live,8,bottom,3,5,2,1,0,,Moisés Ballesteros,Victor Vodnik
16981,824182,2026-06-16T22:43:57.727060,Live,8,bottom,3,2,4,0,0,,Yordan Alvarez,Drew Sommers
16980,823939,2026-06-16T22:43:56.370469,Live,3,top,2,0,0,0,1,,Taylor Walls,Justin Wrobleski
16979,823128,2026-06-16T22:43:55.059149,Live,5,top,1,1,1,1,2,,Blaze Alexander,Logan Gilbert
16978,822888,2026-06-16T22:43:53.708487,Live,9,bottom,0,12,2,2,2,1--,Jake Burger,Cody Laweryson
16977,825070,2026-06-16T22:43:21.918874,Live,5,top,0,3,0,1,1,,Zach Neto,Merrill Kelly
16976,824991,2026-06-16T22:43:20.550837,Live,4,top,3,1,4,0,0,,Endy Rodríguez,Jack Perkins
16975,824912,2026-06-16T22:43:19.213221,Live,2,bottom,0,3,2,0,0,,Mike Yastrzemski,Adrian Houser
16974,824667,2026-06-16T22:43:17.847774,Live,8,bottom,2,5,2,1,0,,Moisés Ballesteros,Victor Vodnik
16973,824182,2026-06-16T22:43:16.463199,Live,8,bottom,3,2,4,0,0,,Yordan Alvarez,Drew Sommers
16972,823939,2026-06-16T22:43:15.101167,Live,3,top,1,0,0,0,0,,Nick Fortes,Justin Wrobleski
16971,823128,2026-06-16T22:43:13.765989,Live,5,top,1,1,1,1,1,,Blaze Alexander,Logan Gilbert
16970,822888,2026-06-16T22:43:12.449435,Live,9,bottom,0,12,2,0,1,1--,Jake Burger,Cody Laweryson
16969,825070,2026-06-16T22:42:40.716640,Live,5,top,0,3,0,0,0,,Zach Neto,Merrill Kelly
16968,824991,2026-06-16T22:42:39.402566,Live,4,top,2,1,4,0,0,-2-,Endy Rodríguez,Jack Perkins
16967,824912,2026-06-16T22:42:38.067370,Live,2,bottom,0,3,2,0,0,,Mike Yastrzemski,Adrian Houser
16966,824667,2026-06-16T22:42:36.698677,Live,8,bottom,2,5,2,1,2,,Michael Conforto,Victor Vodnik
16965,824182,2026-06-16T22:42:35.278768,Live,8,bottom,3,2,4,0,0,,Yordan Alvarez,Drew Sommers
16964,823939,2026-06-16T22:42:33.936060,Live,3,top,0,0,0,2,2,,Chandler Simpson,Justin Wrobleski
16963,823128,2026-06-16T22:42:32.567202,Live,5,top,1,1,1,0,0,,Colton Cowser,Logan Gilbert
16962,822888,2026-06-16T22:42:31.220921,Live,9,bottom,0,12,2,0,0,1--,Jake Burger,Cody Laweryson
16961,825070,2026-06-16T22:41:59.473306,Live,4,bottom,3,3,0,2,1,,Lourdes Gurriel Jr.,Reid Detmers
16960,824991,2026-06-16T22:41:58.061859,Live,4,top,1,0,4,0,0,1-3,Nick Gonzales,Jack Perkins
16959,824912,2026-06-16T22:41:56.737316,Live,2,bottom,0,3,2,0,0,,Mike Yastrzemski,Adrian Houser
16958,824667,2026-06-16T22:41:55.332388,Live,8,bottom,1,5,2,1,1,,Michael Conforto,Victor Vodnik
16957,824182,2026-06-16T22:41:53.879736,Live,8,bottom,2,2,4,0,0,1--,Yordan Alvarez,Drew Sommers
16956,823939,2026-06-16T22:41:52.428575,Live,3,top,0,0,0,1,2,,Chandler Simpson,Justin Wrobleski
16955,823128,2026-06-16T22:41:50.967148,Live,5,top,0,1,1,0,0,,Colton Cowser,Logan Gilbert
16954,822888,2026-06-16T22:41:49.542380,Live,9,bottom,0,12,2,2,1,,Ezequiel Duran,Cody Laweryson
16953,825070,2026-06-16T22:41:17.725699,Live,4,bottom,3,3,0,2,1,,Lourdes Gurriel Jr.,Reid Detmers
16952,824991,2026-06-16T22:41:16.363473,Live,4,top,1,0,4,0,2,1--,Ryan O'Hearn,Jack Perkins
16951,824912,2026-06-16T22:41:15.046862,Live,2,bottom,0,3,2,0,0,,Mike Yastrzemski,Adrian Houser
16950,824667,2026-06-16T22:41:13.671670,Live,8,bottom,1,5,2,0,0,,Michael Conforto,Victor Vodnik
16949,824182,2026-06-16T22:41:12.260634,Live,8,bottom,2,2,4,0,0,1--,Yordan Alvarez,Will Vest
16948,823939,2026-06-16T22:41:10.925530,Live,3,top,0,0,0,0,0,,Chandler Simpson,Justin Wrobleski
16947,823128,2026-06-16T22:41:09.563208,Live,4,bottom,3,1,1,0,1,,Victor Robles,Brandon Young
16946,822888,2026-06-16T22:41:08.184000,Live,9,bottom,0,12,2,0,0,,Ezequiel Duran,Cody Laweryson
16945,825070,2026-06-16T22:40:36.524737,Live,4,bottom,3,3,0,2,1,,Lourdes Gurriel Jr.,Reid Detmers
16944,824991,2026-06-16T22:40:35.168573,Live,4,top,1,0,4,0,1,1--,Ryan O'Hearn,Jack Perkins
16943,824912,2026-06-16T22:40:33.824104,Live,2,bottom,0,3,2,0,0,,Mike Yastrzemski,Adrian Houser
16942,824667,2026-06-16T22:40:32.425799,Live,8,bottom,0,5,2,1,1,,Nico Hoerner,Victor Vodnik
16941,824182,2026-06-16T22:40:31.018466,Live,8,bottom,2,2,4,0,0,1--,Yordan Alvarez,Will Vest
16940,823939,2026-06-16T22:40:29.661790,Live,2,bottom,3,0,0,2,0,,Chuckie Robinson,Drew Rasmussen
16939,823128,2026-06-16T22:40:28.285750,Live,4,bottom,3,1,1,0,1,,Victor Robles,Brandon Young
16938,822888,2026-06-16T22:40:26.913364,Live,9,bottom,0,12,2,0,0,,Ezequiel Duran,Cody Laweryson
16937,825070,2026-06-16T22:39:55.236821,Live,4,bottom,2,3,0,1,1,,Lourdes Gurriel Jr.,Reid Detmers
16936,824991,2026-06-16T22:39:53.930208,Live,4,top,1,0,4,0,0,1--,Ryan O'Hearn,Jack Perkins
16935,824912,2026-06-16T22:39:52.577249,Live,2,bottom,0,3,2,0,0,,Mike Yastrzemski,Adrian Houser
16934,824667,2026-06-16T22:39:51.140788,Live,8,bottom,0,5,2,0,0,,Nico Hoerner,Victor Vodnik
16933,824182,2026-06-16T22:39:49.692010,Live,8,bottom,3,2,3,0,1,,Jeremy Peña,Will Vest
16932,823939,2026-06-16T22:39:48.344259,Live,2,bottom,3,0,0,2,0,,Chuckie Robinson,Drew Rasmussen
16931,823128,2026-06-16T22:39:46.955730,Live,4,bottom,2,1,1,0,1,,Victor Robles,Brandon Young
16930,822888,2026-06-16T22:39:45.622304,Live,9,top,3,12,2,0,0,,Ryan Kreidler,Kyle Higashioka
16929,825070,2026-06-16T22:39:13.885995,Live,4,bottom,2,3,0,0,1,,Corbin Carroll,Reid Detmers
16928,824991,2026-06-16T22:39:12.498339,Live,4,top,1,0,4,0,0,,Bryan Reynolds,Jack Perkins
16927,824912,2026-06-16T22:39:11.224654,Live,2,bottom,0,3,2,0,0,,Mike Yastrzemski,Adrian Houser
16926,824667,2026-06-16T22:39:09.866070,Live,8,top,3,5,2,2,1,,Brett Sullivan,Trent Thornton
16925,824182,2026-06-16T22:39:08.459435,Live,8,bottom,3,2,3,0,1,,Jeremy Peña,Will Vest
16924,823939,2026-06-16T22:39:06.978915,Live,2,bottom,3,0,0,2,0,,Chuckie Robinson,Drew Rasmussen
16923,823128,2026-06-16T22:39:05.633606,Live,4,bottom,1,1,1,1,1,,Cole Young,Brandon Young
16922,822888,2026-06-16T22:39:04.270754,Live,9,top,3,12,2,0,0,,Ryan Kreidler,Kyle Higashioka
16921,825070,2026-06-16T22:38:32.548619,Live,4,bottom,1,3,0,0,0,,Corbin Carroll,Reid Detmers
16920,824991,2026-06-16T22:38:31.137112,Live,4,top,0,0,4,0,0,,Brandon Lowe,Jack Perkins
16919,824912,2026-06-16T22:38:29.743373,Live,2,bottom,0,3,2,0,0,,Mike Yastrzemski,Adrian Houser
16918,824667,2026-06-16T22:38:28.326978,Live,8,top,3,5,2,2,1,,Brett Sullivan,Trent Thornton
16917,824182,2026-06-16T22:38:26.868895,Live,8,bottom,3,2,3,0,1,,Jeremy Peña,Will Vest
16916,823939,2026-06-16T22:38:25.509000,Live,2,bottom,2,0,0,2,0,12-,Chuckie Robinson,Drew Rasmussen
16915,823128,2026-06-16T22:38:24.191178,Live,4,bottom,1,1,1,0,0,,Cole Young,Brandon Young
16914,822888,2026-06-16T22:38:22.872750,Live,9,top,2,12,2,0,0,1--,Ryan Kreidler,Kyle Higashioka
16913,825070,2026-06-16T22:37:51.132048,Live,4,bottom,0,3,0,2,2,,Geraldo Perdomo,Reid Detmers
16912,824991,2026-06-16T22:37:49.757179,Live,3,bottom,3,0,4,0,0,,Carlos Cortes,Mitch Keller
16911,824912,2026-06-16T22:37:48.385701,Live,2,bottom,0,3,2,0,0,,Mike Yastrzemski,Adrian Houser
16910,824667,2026-06-16T22:37:47.006039,Live,8,top,3,5,2,2,1,,Brett Sullivan,Trent Thornton
16909,824182,2026-06-16T22:37:45.573212,Live,8,bottom,3,2,3,0,1,,Jeremy Peña,Will Vest
16908,823939,2026-06-16T22:37:44.197095,Live,2,bottom,1,0,0,0,0,1-3,Alex Freeland,Drew Rasmussen
16907,823128,2026-06-16T22:37:42.822936,Live,4,bottom,0,1,1,1,2,,Rob Refsnyder,Brandon Young
16906,822888,2026-06-16T22:37:41.428084,Live,9,top,1,11,2,2,0,1-3,Kyler Fedko,Kyle Higashioka
16905,825070,2026-06-16T22:37:09.675964,Live,4,bottom,0,3,0,2,1,,Geraldo Perdomo,Reid Detmers
16904,824991,2026-06-16T22:37:08.329409,Live,3,bottom,3,0,4,0,0,,Carlos Cortes,Mitch Keller
16903,824912,2026-06-16T22:37:06.992721,Live,2,bottom,0,3,2,0,0,,Mike Yastrzemski,Adrian Houser
16902,824667,2026-06-16T22:37:05.647132,Live,8,top,2,5,2,2,1,-2-,Brett Sullivan,Trent Thornton
16901,824182,2026-06-16T22:37:04.257554,Live,8,bottom,1,2,3,0,1,1-3,Jeremy Peña,Will Vest
16900,823939,2026-06-16T22:37:02.859707,Live,2,bottom,1,0,0,0,0,1-3,Alex Freeland,Drew Rasmussen
16899,823128,2026-06-16T22:37:01.493447,Live,4,bottom,0,1,1,0,1,,Rob Refsnyder,Brandon Young
16898,822888,2026-06-16T22:37:00.079444,Live,9,top,1,11,2,0,1,1-3,Trevor Larnach,Kyle Higashioka
16897,825070,2026-06-16T22:36:28.328363,Live,4,bottom,0,3,0,0,0,,Geraldo Perdomo,Reid Detmers
16896,824991,2026-06-16T22:36:26.988485,Live,3,bottom,1,0,4,0,0,1--,Carlos Cortes,Mitch Keller
16895,824912,2026-06-16T22:36:25.564862,Live,2,bottom,0,3,2,0,0,,Mike Yastrzemski,Adrian Houser
16894,824667,2026-06-16T22:36:24.195698,Live,8,top,2,5,2,1,1,-2-,Brett Sullivan,Trent Thornton
16893,824182,2026-06-16T22:36:22.814151,Live,8,bottom,1,2,3,0,0,1-3,Jeremy Peña,Will Vest
16892,823939,2026-06-16T22:36:21.461664,Live,2,bottom,1,0,0,1,2,1--,Ryan Ward,Drew Rasmussen
16891,823128,2026-06-16T22:36:20.121936,Live,4,top,3,1,1,0,3,,Leody Taveras,Logan Gilbert
16890,822888,2026-06-16T22:36:18.786098,Live,9,top,1,11,2,0,0,-2-,Trevor Larnach,Kyle Higashioka
16889,825070,2026-06-16T22:35:47.036371,Live,4,bottom,0,3,0,0,0,,Geraldo Perdomo,Reid Detmers
16888,824991,2026-06-16T22:35:45.658495,Live,3,bottom,1,0,4,1,2,,Jacob Wilson,Mitch Keller
16887,824912,2026-06-16T22:35:44.334621,Live,2,bottom,0,3,2,0,0,,Mike Yastrzemski,Adrian Houser
16886,824667,2026-06-16T22:35:42.952272,Live,8,top,2,5,2,1,0,1--,Brett Sullivan,Trent Thornton
16885,824182,2026-06-16T22:35:41.550784,Live,8,bottom,1,2,1,0,0,123,Raynel Delgado,Will Vest
16884,823939,2026-06-16T22:35:40.280508,Live,2,bottom,1,0,0,1,2,1--,Ryan Ward,Drew Rasmussen
16883,823128,2026-06-16T22:35:38.992292,Live,4,top,3,1,1,0,3,,Leody Taveras,Logan Gilbert
16882,822888,2026-06-16T22:35:37.661224,Live,9,top,1,10,2,0,0,-2-,Alex Jackson,Kyle Higashioka
16881,825070,2026-06-16T22:35:06.056277,Live,4,top,3,3,0,3,2,,Donovan Walton,Merrill Kelly
16880,824991,2026-06-16T22:35:04.765353,Live,3,bottom,1,0,4,0,1,,Jacob Wilson,Mitch Keller
16879,824912,2026-06-16T22:35:03.527375,Live,2,bottom,0,3,2,0,0,,Mike Yastrzemski,Adrian Houser
16878,824667,2026-06-16T22:35:02.233985,Live,8,top,2,5,2,0,0,1--,Brett Sullivan,Trent Thornton
16877,824182,2026-06-16T22:35:00.892205,Live,8,bottom,1,2,1,3,2,12-,Joey Loperfido,Will Vest
16876,823939,2026-06-16T22:34:59.574835,Live,2,bottom,1,0,0,0,2,1--,Ryan Ward,Drew Rasmussen
16875,823128,2026-06-16T22:34:58.276364,Live,4,top,3,1,1,0,3,,Leody Taveras,Logan Gilbert
16874,822888,2026-06-16T22:34:56.937586,Live,9,top,0,10,2,0,0,-2-,Tristan Gray,Kyle Higashioka
16873,825070,2026-06-16T22:34:25.173804,Live,4,top,3,3,0,3,2,,Donovan Walton,Merrill Kelly
16872,824991,2026-06-16T22:34:23.805379,Live,3,bottom,0,0,4,1,0,,Tyler Soderstrom,Mitch Keller
16871,824912,2026-06-16T22:34:22.520373,Live,2,bottom,0,3,2,0,0,,Mike Yastrzemski,Adrian Houser
16870,824667,2026-06-16T22:34:21.245859,Live,8,top,2,5,2,3,1,,Cole Carrigg,Trent Thornton
16869,824182,2026-06-16T22:34:19.841090,Live,8,bottom,1,2,1,2,1,12-,Joey Loperfido,Will Vest
16868,823939,2026-06-16T22:34:18.503399,Live,2,bottom,1,0,0,2,1,1--,Kyle Tucker,Drew Rasmussen
16867,823128,2026-06-16T22:34:17.112835,Live,4,top,2,1,1,0,1,,Leody Taveras,Logan Gilbert
16866,822888,2026-06-16T22:34:15.721893,Live,9,top,0,10,2,2,1,,Luke Keaschall,Kyle Higashioka
16865,825070,2026-06-16T22:33:44.010067,Live,4,top,2,2,0,3,2,-23,Donovan Walton,Merrill Kelly
16864,824991,2026-06-16T22:33:42.545145,Live,3,bottom,0,0,4,0,0,,Tyler Soderstrom,Mitch Keller
16863,824912,2026-06-16T22:33:41.141097,Live,2,bottom,0,3,2,0,0,,Mike Yastrzemski,Adrian Houser
16862,824667,2026-06-16T22:33:39.800658,Live,8,top,1,5,2,1,1,1--,Cole Carrigg,Trent Thornton
16861,824182,2026-06-16T22:33:38.437673,Live,8,bottom,1,2,1,1,0,12-,Joey Loperfido,Will Vest
16860,823939,2026-06-16T22:33:36.985492,Live,2,bottom,1,0,0,1,1,,Kyle Tucker,Drew Rasmussen
16859,823128,2026-06-16T22:33:35.696316,Live,4,top,2,1,1,1,3,,Samuel Basallo,Logan Gilbert
16858,822888,2026-06-16T22:33:34.307014,Live,9,top,0,10,2,0,0,,Luke Keaschall,Kyle Higashioka
16857,825070,2026-06-16T22:33:02.640846,Live,4,top,2,2,0,2,2,-23,Donovan Walton,Merrill Kelly
16856,824991,2026-06-16T22:33:01.293347,Live,3,bottom,0,0,4,0,0,,Tyler Soderstrom,Mitch Keller
16855,824912,2026-06-16T22:32:59.896145,Live,2,bottom,0,3,2,0,0,,Mike Yastrzemski,Adrian Houser
16854,824667,2026-06-16T22:32:58.560541,Live,8,top,1,5,2,1,1,1--,Cole Carrigg,Trent Thornton
16853,824182,2026-06-16T22:32:57.191802,Live,8,bottom,1,2,1,0,0,12-,Joey Loperfido,Will Vest
16852,823939,2026-06-16T22:32:55.837882,Live,2,bottom,1,0,0,0,0,,Kyle Tucker,Drew Rasmussen
16851,823128,2026-06-16T22:32:54.501462,Live,4,top,1,1,1,1,2,,Samuel Basallo,Logan Gilbert
16850,822888,2026-06-16T22:32:53.174939,Live,9,top,0,10,2,0,0,,Luke Keaschall,Kyle Higashioka
16849,825070,2026-06-16T22:32:21.418065,Live,4,top,2,2,0,0,2,-23,Donovan Walton,Merrill Kelly
16848,824991,2026-06-16T22:32:20.025784,Live,3,top,3,0,4,1,2,,Spencer Horwitz,Jack Perkins
16847,824912,2026-06-16T22:32:18.680662,Live,2,bottom,0,3,2,0,0,,Mike Yastrzemski,Adrian Houser
16846,824667,2026-06-16T22:32:17.328922,Live,8,top,1,5,2,0,0,1--,Cole Carrigg,Trent Thornton
16845,824182,2026-06-16T22:32:15.952699,Live,8,bottom,1,2,1,0,0,12-,Brice Matthews,Keider Montero
16844,823939,2026-06-16T22:32:14.631159,Live,2,bottom,0,0,0,1,1,,Max Muncy,Drew Rasmussen
16843,823128,2026-06-16T22:32:13.359161,Live,4,top,1,1,1,1,1,,Samuel Basallo,Logan Gilbert
16842,822888,2026-06-16T22:32:12.079277,Live,8,bottom,3,10,2,0,3,,Nicky Lopez,Travis Adams
16841,825070,2026-06-16T22:31:40.396443,Live,4,top,2,2,0,0,0,-23,Donovan Walton,Merrill Kelly
16840,824991,2026-06-16T22:31:39.042367,Live,3,top,3,0,4,1,2,,Spencer Horwitz,Jack Perkins
16839,824912,2026-06-16T22:31:37.706438,Live,2,bottom,0,3,2,0,0,,Mike Yastrzemski,Adrian Houser
16838,824667,2026-06-16T22:31:36.343078,Live,8,top,1,5,2,3,2,,Troy Johnston,Trent Thornton
16837,824182,2026-06-16T22:31:35.003229,Live,8,bottom,1,2,1,0,0,12-,Brice Matthews,Keider Montero
16836,823939,2026-06-16T22:31:33.574974,Live,2,bottom,0,0,0,0,0,,Max Muncy,Drew Rasmussen
16835,823128,2026-06-16T22:31:32.207241,Live,4,top,1,1,1,2,3,,Pete Alonso,Logan Gilbert
16834,823045,2026-06-16T22:31:30.849191,Final,9,top,3,2,3,0,1,,Xander Bogaerts,Riley O'Brien
16833,822888,2026-06-16T22:31:29.489425,Live,8,bottom,2,10,2,0,2,,Nicky Lopez,Travis Adams
16832,825070,2026-06-16T22:30:57.745116,Live,4,top,2,2,0,0,0,1--,Logan O'Hoppe,Merrill Kelly
16831,824991,2026-06-16T22:30:56.368788,Live,3,top,2,0,4,0,2,,Spencer Horwitz,Jack Perkins
16830,824912,2026-06-16T22:30:55.076036,Live,2,bottom,0,3,2,0,0,,Mike Yastrzemski,Adrian Houser
16829,824667,2026-06-16T22:30:53.723135,Live,8,top,1,5,2,3,0,,Troy Johnston,Trent Thornton
16828,824182,2026-06-16T22:30:52.372563,Live,8,bottom,1,2,1,3,2,1--,Cam Smith,Keider Montero
16827,823939,2026-06-16T22:30:51.081697,Live,2,top,3,0,0,2,0,,Ben Williamson,Justin Wrobleski
16826,823128,2026-06-16T22:30:49.782843,Live,4,top,0,1,1,2,1,,Pete Alonso,Logan Gilbert
16825,823045,2026-06-16T22:30:48.393439,Live,9,top,3,2,3,0,1,,Xander Bogaerts,Riley O'Brien
16824,822888,2026-06-16T22:30:47.029564,Live,8,bottom,2,10,2,0,1,,Nicky Lopez,Travis Adams
16823,825070,2026-06-16T22:30:15.346696,Live,4,top,2,2,0,2,2,,Denzer Guzman,Merrill Kelly
16822,824991,2026-06-16T22:30:13.937793,Live,3,top,2,0,4,0,0,,Spencer Horwitz,Jack Perkins
16821,824912,2026-06-16T22:30:12.568918,Live,2,bottom,0,3,2,0,0,,Mike Yastrzemski,Adrian Houser
16820,824667,2026-06-16T22:30:11.263761,Live,8,top,1,5,2,1,0,,Troy Johnston,Trent Thornton
16819,824182,2026-06-16T22:30:09.922517,Live,8,bottom,1,2,1,3,2,1--,Cam Smith,Keider Montero
16818,823939,2026-06-16T22:30:08.538916,Live,2,top,3,0,0,2,0,,Ben Williamson,Justin Wrobleski
16817,823128,2026-06-16T22:30:07.258819,Live,4,top,0,1,1,0,1,,Pete Alonso,Logan Gilbert
16816,823045,2026-06-16T22:30:05.916436,Live,9,top,3,2,3,0,1,,Xander Bogaerts,Riley O'Brien
16815,822888,2026-06-16T22:30:04.623519,Live,8,bottom,1,10,2,1,2,,Cody Freeman,Travis Adams
16814,825070,2026-06-16T22:29:33.044054,Live,4,top,2,2,0,1,2,,Denzer Guzman,Merrill Kelly
16813,824991,2026-06-16T22:29:31.724085,Live,3,top,1,0,4,1,2,,Jared Triolo,Jack Perkins
16812,824912,2026-06-16T22:29:30.292927,Live,2,bottom,0,3,2,0,0,,Mike Yastrzemski,Adrian Houser
16811,824667,2026-06-16T22:29:28.926263,Live,8,top,0,5,2,0,1,,Hunter Goodman,Trent Thornton
16810,824182,2026-06-16T22:29:27.495508,Live,8,bottom,1,2,1,2,2,1--,Cam Smith,Keider Montero
16809,823939,2026-06-16T22:29:26.112436,Live,2,top,3,0,0,2,0,,Ben Williamson,Justin Wrobleski
16808,823128,2026-06-16T22:29:24.748396,Live,3,bottom,3,1,1,1,0,,Dominic Canzone,Brandon Young
16807,823045,2026-06-16T22:29:23.464495,Live,9,top,2,2,3,0,0,1--,Xander Bogaerts,Riley O'Brien
16806,822888,2026-06-16T22:29:22.149065,Live,8,bottom,1,10,2,0,1,,Cody Freeman,Travis Adams
16805,825070,2026-06-16T22:28:50.436068,Live,4,top,2,2,0,0,2,,Denzer Guzman,Merrill Kelly
16804,824991,2026-06-16T22:28:49.098894,Live,3,top,1,0,4,1,0,,Jared Triolo,Jack Perkins
16803,824912,2026-06-16T22:28:47.782976,Live,2,bottom,0,3,2,0,0,,Mike Yastrzemski,Adrian Houser
16802,824667,2026-06-16T22:28:46.449853,Live,7,bottom,3,5,2,0,0,,Ian Happ,Brennan Bernardino
16801,824182,2026-06-16T22:28:45.104353,Live,8,bottom,1,2,1,2,1,1--,Cam Smith,Keider Montero
16800,823939,2026-06-16T22:28:43.775104,Live,2,top,1,0,0,1,2,1--,Ryan Vilade,Justin Wrobleski
16799,823128,2026-06-16T22:28:42.488844,Live,3,bottom,3,1,1,1,0,,Dominic Canzone,Brandon Young
16798,823045,2026-06-16T22:28:41.178031,Live,9,top,2,2,3,4,2,1--,Manny Machado,Riley O'Brien
16797,822888,2026-06-16T22:28:39.804373,Live,8,bottom,1,10,2,2,3,,Justin Foscue,Travis Adams
16796,825070,2026-06-16T22:28:08.104333,Live,4,top,2,2,0,0,1,,Wade Meckler,Merrill Kelly
16795,824991,2026-06-16T22:28:06.764186,Live,3,top,0,0,4,2,2,,Jake Mangum,Jack Perkins
16794,824912,2026-06-16T22:28:05.391436,Live,2,bottom,0,3,2,0,0,,Mike Yastrzemski,Adrian Houser
16793,824667,2026-06-16T22:28:04.045983,Live,7,bottom,3,5,2,0,0,,Ian Happ,Brennan Bernardino
16792,824182,2026-06-16T22:28:02.689235,Live,8,bottom,1,2,1,0,1,1--,Cam Smith,Keider Montero
16791,823939,2026-06-16T22:28:01.327717,Live,2,top,1,0,0,1,2,,Ryan Vilade,Justin Wrobleski
16790,823128,2026-06-16T22:27:59.966527,Live,3,bottom,3,1,1,1,0,,Dominic Canzone,Brandon Young
16789,823045,2026-06-16T22:27:58.613608,Live,9,top,2,2,3,2,2,,Manny Machado,Riley O'Brien
16788,822888,2026-06-16T22:27:57.276925,Live,8,bottom,0,10,2,2,2,,Justin Foscue,Travis Adams
16787,825070,2026-06-16T22:27:25.365259,Live,4,top,1,2,0,2,2,,Nick Madrigal,Merrill Kelly
16786,824991,2026-06-16T22:27:23.952079,Live,3,top,0,0,4,2,2,,Jake Mangum,Jack Perkins
16785,824912,2026-06-16T22:27:22.607761,Live,2,bottom,0,3,2,0,0,,Mike Yastrzemski,Adrian Houser
16784,824667,2026-06-16T22:27:21.277873,Live,7,bottom,3,5,2,0,0,,Ian Happ,Brennan Bernardino
16783,824182,2026-06-16T22:27:19.860035,Live,8,bottom,1,2,1,0,0,1--,Cam Smith,Keider Montero
16782,823939,2026-06-16T22:27:18.499219,Live,2,top,1,0,0,0,1,,Ryan Vilade,Justin Wrobleski
16781,823128,2026-06-16T22:27:17.146268,Live,3,bottom,2,1,1,1,0,12-,Dominic Canzone,Brandon Young
16780,823045,2026-06-16T22:27:15.767110,Live,9,top,2,2,3,2,0,,Manny Machado,Riley O'Brien
16779,822888,2026-06-16T22:27:14.365598,Live,8,bottom,0,10,2,1,1,,Justin Foscue,Travis Adams
16778,825070,2026-06-16T22:26:42.641649,Live,4,top,0,2,0,2,2,,Nick Madrigal,Merrill Kelly
16777,824991,2026-06-16T22:26:41.236712,Live,3,top,0,0,4,2,2,,Jake Mangum,Jack Perkins
16776,824912,2026-06-16T22:26:39.815364,Live,2,bottom,0,3,2,0,0,,Mike Yastrzemski,Adrian Houser
16775,824667,2026-06-16T22:26:38.429383,Live,7,bottom,2,5,2,0,0,-23,Ian Happ,Brennan Bernardino
16774,824182,2026-06-16T22:26:36.974629,Live,8,bottom,1,2,1,0,1,,Yainer Diaz,Keider Montero
16773,823939,2026-06-16T22:26:35.614445,Live,2,top,0,0,0,0,2,,Junior Caminero,Justin Wrobleski
16772,823128,2026-06-16T22:26:34.261408,Live,3,bottom,2,1,1,1,0,12-,Julio Rodríguez,Brandon Young
16771,823045,2026-06-16T22:26:32.879971,Live,9,top,2,2,3,0,1,,Jackson Merrill,Riley O'Brien
16770,822888,2026-06-16T22:26:31.425850,Live,8,top,3,10,2,0,1,,Brooks Lee,Joe Ross
16769,825070,2026-06-16T22:25:59.706203,Live,4,top,0,2,0,1,1,,Nick Madrigal,Merrill Kelly
16768,824991,2026-06-16T22:25:58.333790,Live,3,top,0,0,4,2,2,,Jake Mangum,Jack Perkins
16767,824912,2026-06-16T22:25:57.003776,Live,2,bottom,0,3,2,0,0,,Mike Yastrzemski,Adrian Houser
16766,824667,2026-06-16T22:25:55.484978,Live,7,bottom,2,5,2,2,2,1--,Seiya Suzuki,Brennan Bernardino
16765,824182,2026-06-16T22:25:54.068714,Live,8,bottom,0,2,1,1,2,,Jose Altuve,Keider Montero
16764,823939,2026-06-16T22:25:52.727445,Live,1,bottom,3,0,0,1,2,,Mookie Betts,Drew Rasmussen
16763,823128,2026-06-16T22:25:51.333748,Live,3,bottom,2,1,0,0,0,12-,Julio Rodríguez,Brandon Young
16762,823045,2026-06-16T22:25:49.870372,Live,9,top,1,2,3,0,0,,Jackson Merrill,Riley O'Brien
16761,822888,2026-06-16T22:25:48.436339,Live,8,top,3,10,2,0,1,,Brooks Lee,Joe Ross
16760,825070,2026-06-16T22:25:16.607829,Live,4,top,0,2,0,0,0,,Nick Madrigal,Merrill Kelly
16759,824991,2026-06-16T22:25:15.140359,Live,3,top,0,0,4,2,2,,Jake Mangum,Jack Perkins
16758,824912,2026-06-16T22:25:13.669658,Live,2,bottom,0,3,2,0,0,,Mike Yastrzemski,Adrian Houser
16757,824667,2026-06-16T22:25:12.193212,Live,7,bottom,2,5,2,2,2,1--,Seiya Suzuki,Brennan Bernardino
16756,824182,2026-06-16T22:25:10.740876,Live,8,bottom,0,2,1,0,1,,Jose Altuve,Keider Montero
16755,823939,2026-06-16T22:25:09.378694,Live,1,bottom,3,0,0,1,2,,Mookie Betts,Drew Rasmussen
16754,823128,2026-06-16T22:25:07.935016,Live,3,bottom,1,1,0,0,0,12-,Cal Raleigh,Brandon Young
16753,823045,2026-06-16T22:25:06.523939,Live,9,top,0,2,3,0,1,,Fernando Tatis Jr.,Riley O'Brien
16752,822888,2026-06-16T22:25:05.101060,Live,8,top,3,10,2,0,1,,Brooks Lee,Joe Ross
16751,825070,2026-06-16T22:24:33.386553,Live,3,bottom,3,2,0,1,1,,Ketel Marte,Reid Detmers
16750,824991,2026-06-16T22:24:32.009145,Live,3,top,0,0,4,1,0,,Jake Mangum,Jack Perkins
16749,824912,2026-06-16T22:24:30.654192,Live,2,bottom,0,3,2,0,0,,Mike Yastrzemski,Adrian Houser
16748,824667,2026-06-16T22:24:29.263663,Live,7,bottom,2,5,2,1,1,1--,Seiya Suzuki,Brennan Bernardino
16747,824182,2026-06-16T22:24:27.835042,Live,8,top,3,2,1,0,2,,Jahmai Jones,Bryan King
16746,823939,2026-06-16T22:24:26.444073,Live,1,bottom,3,0,0,1,2,,Mookie Betts,Drew Rasmussen
16745,823128,2026-06-16T22:24:25.049632,Live,3,bottom,1,1,0,0,0,12-,Cal Raleigh,Brandon Young
16744,823045,2026-06-16T22:24:23.677413,Live,9,top,0,2,3,0,0,,Fernando Tatis Jr.,Riley O'Brien
16743,822888,2026-06-16T22:24:22.179020,Live,8,top,3,10,2,0,1,,Brooks Lee,Joe Ross
16742,825070,2026-06-16T22:23:50.418265,Live,3,bottom,3,2,0,1,1,,Ketel Marte,Reid Detmers
16741,824991,2026-06-16T22:23:49.051995,Live,3,top,0,0,4,0,0,,Jake Mangum,Jack Perkins
16740,824912,2026-06-16T22:23:47.698938,Live,2,bottom,0,3,2,0,0,,Mike Yastrzemski,Adrian Houser
16739,824667,2026-06-16T22:23:46.345293,Live,7,bottom,2,5,2,0,0,1--,Seiya Suzuki,Brennan Bernardino
16738,824182,2026-06-16T22:23:44.880284,Live,8,top,3,2,1,0,2,,Jahmai Jones,Bryan King
16737,823939,2026-06-16T22:23:43.547656,Live,1,bottom,1,0,0,1,1,12-,Mookie Betts,Drew Rasmussen
16736,823128,2026-06-16T22:23:42.208668,Live,3,bottom,1,1,0,2,0,1--,J.P. Crawford,Brandon Young
16735,823045,2026-06-16T22:23:40.891680,Live,9,top,0,2,3,0,0,,Fernando Tatis Jr.,Riley O'Brien
16734,822888,2026-06-16T22:23:39.489261,Live,8,top,2,10,2,0,1,--3,Brooks Lee,Joe Ross
16733,825070,2026-06-16T22:23:07.838213,Live,3,bottom,2,2,0,1,1,,Ketel Marte,Reid Detmers
16732,824991,2026-06-16T22:23:06.529080,Live,2,bottom,3,0,4,0,3,,Shea Langeliers,Mitch Keller
16731,824912,2026-06-16T22:23:05.268356,Live,2,bottom,0,3,2,0,0,,Mike Yastrzemski,Adrian Houser
16730,824667,2026-06-16T22:23:04.004534,Live,7,bottom,1,5,2,0,1,1--,Michael Busch,Brennan Bernardino
16729,824182,2026-06-16T22:23:02.642026,Live,8,top,3,2,1,0,2,,Jahmai Jones,Bryan King
16728,823939,2026-06-16T22:23:01.390094,Live,1,bottom,1,0,0,3,2,12-,Freddie Freeman,Drew Rasmussen
16727,823128,2026-06-16T22:23:00.119249,Live,3,bottom,1,1,0,1,0,1--,J.P. Crawford,Brandon Young
16726,823045,2026-06-16T22:22:58.750049,Live,8,bottom,3,2,3,1,0,,Alec Burleson,Wandy Peralta
16725,822888,2026-06-16T22:22:57.471734,Live,8,top,1,10,2,1,1,-2-,Josh Bell,Joe Ross
16724,825070,2026-06-16T22:22:25.735151,Live,3,bottom,2,2,0,0,0,,Ketel Marte,Reid Detmers
16723,824991,2026-06-16T22:22:24.448979,Live,2,bottom,3,0,4,0,3,,Shea Langeliers,Mitch Keller
16722,824912,2026-06-16T22:22:23.149067,Live,2,bottom,0,3,2,0,0,,Mike Yastrzemski,Adrian Houser
16721,824667,2026-06-16T22:22:21.893154,Live,7,bottom,1,5,2,3,2,,Alex Bregman,Brennan Bernardino
16720,824182,2026-06-16T22:22:20.511248,Live,8,top,2,2,1,0,2,1--,Jahmai Jones,Bryan King
